id;time;lat;long;city;road;number;weight;type
100;2019-10-24 03:17:41;50.792102899999996;6.1185974000000005;Aachen ;Prager Ring;106;0.93;b
121;2019-10-24 04:17:41;52.478646700000006;13.3550598;Berlin ;Sachsendamm;90 - 92;2.44;b
189;2019-10-24 04:17:41;0.0;0.0;Köln/Bonn Flughafen ;Flughafen Köln/Bonn;unknown streetnr;2.2;b
114;2019-10-24 05:17:41;50.37194885;11.7886343857023;Berg bei Hof ;Sieggrubenstraße ;5;1.93;b
171;2019-10-24 05:17:41;52.4212225;9.72739685;Hannover ;Industrieweg;30;3.92;b
114;2019-10-24 06:17:41;50.37194885;11.7886343857023;Berg bei Hof ;Sieggrubenstraße ;5;1.41;b
149;2019-10-24 06:17:41;50.1232501;8.74321703454232;Frankfurt ;Hanauer Landstr.;334;2.02;b
180;2019-10-24 06:17:41;48.75283035;11.451633274883301;Ingolstadt ;Manchinger Straße;84;3.75;b
187;2019-10-24 06:17:41;50.34663870000001;7.5070666;Koblenz ;Am Rübenacher Wald;2;3.36;b
243;2019-10-24 06:17:41;0.0;0.0;Siegen;Obere Leimbach;unknown streetnr;2.95;b
244;2019-10-24 06:17:41;48.703218400000004;9.004857800000002;Sindelfingen ;Neckarstraße;10;1.73;b
246;2019-10-24 06:17:41;48.6929656;9.198638;Stuttgart ;Flughafenstraße;70;14.43;b
149;2019-10-24 07:17:41;50.1232501;8.74321703454232;Frankfurt ;Hanauer Landstr.;334;4.03;b
162;2019-10-24 07:17:41;53.44366379999999;11.2126734;Hagenow ;Sudenhofer Strasse	;2;3.43;b
167;2019-10-24 07:17:41;53.5469374;10.0041271;Hamburg ;Oberbaumbrücke;1;2.75;b
183;2019-10-24 07:17:41;51.572289700000006;7.692626700000001;Kamen ;Schattweg;6;4.2;b
196;2019-10-24 07:17:41;50.380316799999996;8.0927724;Limburg ;Brüsseler Str.;14;4.35;b
264;2019-10-24 07:17:41;50.05681745;8.3393322556147;Wiesbaden ;Borsigstraße;1;3.53;b
117;2019-10-24 08:17:41;52.534278099999995;13.365230416526899;Berlin ;Heidestraße;19;0.6;b
119;2019-10-24 08:17:41;52.57160160000001;13.4296019;Berlin ;Rothenbachstr. ;1;2.32;b
147;2019-10-24 08:17:41;48.82230215;9.28537070224665;Fellbach ;Ohmstraße;25;2.73;b
167;2019-10-24 08:17:41;53.5469374;10.0041271;Hamburg ;Oberbaumbrücke;1;3.06;b
169;2019-10-24 08:17:41;53.573465799999994;9.9193304;Hamburg ;Schnackenburgallee;12;4.32;b
171;2019-10-24 08:17:41;52.4212225;9.72739685;Hannover ;Industrieweg;30;3.34;b
177;2019-10-24 08:17:41;0.0;0.0;Hirschberg ;Goldbeckstraße ;1;2.66;b
189;2019-10-24 08:17:41;0.0;0.0;Köln/Bonn Flughafen ;Flughafen Köln/Bonn;unknown streetnr;2.25;b
194;2019-10-24 08:17:41;51.41340665;12.3077606180055;Leipzig ;Poststr. ;3 ;2.65;b
196;2019-10-24 08:17:41;50.380316799999996;8.0927724;Limburg ;Brüsseler Str.;14;2.67;b
204;2019-10-24 08:17:41;0.0;0.0;Metzingen ;Auchterstraße;19;1.59;b
225;2019-10-24 08:17:41;48.97288220000001;12.0647243;Pentling ;Ammerholz;3;3.58;b
250;2019-10-24 08:17:41;48.4256658;9.959754499999999;Ulm ;Helmholtzstraße;8;4.06;b
261;2019-10-24 08:17:41;48.6743797;9.371716099999999;Wendlingen ;Heinrich-Otto-Str.;2;1.02;b
111;2019-10-24 09:17:41;49.2120935;9.0769819;Bad Rappenau ;Buchäckerring;40;5.52;b
155;2019-10-24 09:17:41;49.4802092;11.009525199999999;Fürth ;Hans-Vogel-Str. ;55;0.99;b
167;2019-10-24 09:17:41;53.5469374;10.0041271;Hamburg ;Oberbaumbrücke;1;2.66;b
176;2019-10-24 09:17:41;0.0;0.0;Herten;Marie-Curie-Str/Albert-Einstein-Allee;unknown streetnr;3.39;b
180;2019-10-24 09:17:41;48.75283035;11.451633274883301;Ingolstadt ;Manchinger Straße;84;2.94;b
232;2019-10-24 09:17:41;51.849093200000006;8.32326831083794;Rheda;Bielefelder Str.;145;2.84;b
114;2019-10-24 10:17:41;50.37194885;11.7886343857023;Berg bei Hof ;Sieggrubenstraße ;5;4.38;b
119;2019-10-24 10:17:41;52.57160160000001;13.4296019;Berlin ;Rothenbachstr. ;1;2.02;b
138;2019-10-24 10:17:41;51.0365149;13.7486437;Dresden ;Wiener Strasse;39;4.04;b
163;2019-10-24 10:17:41;51.48959165;11.9412334061738;Halle / Saale;Blücherstraße;7;4.27;b
171;2019-10-24 10:17:41;52.4212225;9.72739685;Hannover ;Industrieweg;30;2.92;b
177;2019-10-24 10:17:41;0.0;0.0;Hirschberg ;Goldbeckstraße ;1;3.42;b
189;2019-10-24 10:17:41;0.0;0.0;Köln/Bonn Flughafen ;Flughafen Köln/Bonn;unknown streetnr;3.73;b
194;2019-10-24 10:17:41;51.41340665;12.3077606180055;Leipzig ;Poststr. ;3 ;4.18;b
232;2019-10-24 10:17:41;51.849093200000006;8.32326831083794;Rheda;Bielefelder Str.;145;3.0;b
243;2019-10-24 10:17:41;0.0;0.0;Siegen;Obere Leimbach;unknown streetnr;3.4;b
246;2019-10-24 10:17:41;48.6929656;9.198638;Stuttgart ;Flughafenstraße;70;3.48;b
155;2019-10-24 11:17:41;49.4802092;11.009525199999999;Fürth ;Hans-Vogel-Str. ;55;2.52;b
167;2019-10-24 11:17:41;53.5469374;10.0041271;Hamburg ;Oberbaumbrücke;1;0.93;b
169;2019-10-24 11:17:41;53.573465799999994;9.9193304;Hamburg ;Schnackenburgallee;12;0.79;b
194;2019-10-24 11:17:41;51.41340665;12.3077606180055;Leipzig ;Poststr. ;3 ;2.92;b
112;2019-10-24 12:17:41;49.96278135;11.6107850192525;Bayreuth ;Christian-Ritter-von-Langheinrich;2;4.55;b
116;2019-10-24 12:17:41;52.492588299999994;13.573059299999999;Berlin ;Heerstraße;37;1.41;b
117;2019-10-24 12:17:41;52.534278099999995;13.365230416526899;Berlin ;Heidestraße;19;1.02;b
128;2019-10-24 12:17:41;53.0577831;8.9625129;Bremen ;Osterholzer Heerstraße;222;4.09;b
162;2019-10-24 12:17:41;53.44366379999999;11.2126734;Hagenow ;Sudenhofer Strasse	;2;1.57;b
167;2019-10-24 12:17:41;53.5469374;10.0041271;Hamburg ;Oberbaumbrücke;1;3.69;b
195;2019-10-24 12:17:41;51.02462979999999;7.0058488;Leverkusen ;Karl-Krekeler-Str.;2;2.13;b
196;2019-10-24 12:17:41;50.380316799999996;8.0927724;Limburg ;Brüsseler Str.;14;2.62;b
216;2019-10-24 12:17:41;49.41055565;11.1462792788462;Nürnberg ;Gleiwitzer Straße;220;1.64;b
264;2019-10-24 12:17:41;50.05681745;8.3393322556147;Wiesbaden ;Borsigstraße;1;1.74;b
128;2019-10-24 13:17:41;53.0577831;8.9625129;Bremen ;Osterholzer Heerstraße;222;1.8;b
136;2019-10-24 13:17:41;48.407118700000005;10.951334920448302;Derching ;Winterbruckenweg			;53;2.34;b
167;2019-10-24 13:17:41;53.5469374;10.0041271;Hamburg ;Oberbaumbrücke;1;2.24;b
183;2019-10-24 13:17:41;51.572289700000006;7.692626700000001;Kamen ;Schattweg;6;3.06;b
184;2019-10-24 13:17:41;48.985688700000004;8.447428;Karlsruhe ;Erlachseeweg;10;3.76;b
187;2019-10-24 13:17:41;50.34663870000001;7.5070666;Koblenz ;Am Rübenacher Wald;2;2.15;b
243;2019-10-24 13:17:41;0.0;0.0;Siegen;Obere Leimbach;unknown streetnr;2.0;b
246;2019-10-24 13:17:41;48.6929656;9.198638;Stuttgart ;Flughafenstraße;70;2.34;b
261;2019-10-24 13:17:41;48.6743797;9.371716099999999;Wendlingen ;Heinrich-Otto-Str.;2;4.29;b
121;2019-10-24 14:17:41;52.478646700000006;13.3550598;Berlin ;Sachsendamm;90 - 92;2.52;b
152;2019-10-24 14:17:41;50.9147956;6.8361793;Frechen ;Kölner Straße;209;3.44;b
169;2019-10-24 14:17:41;53.573465799999994;9.9193304;Hamburg ;Schnackenburgallee;12;3.64;b
183;2019-10-24 14:17:41;51.572289700000006;7.692626700000001;Kamen ;Schattweg;6;2.81;b
187;2019-10-24 14:17:41;50.34663870000001;7.5070666;Koblenz ;Am Rübenacher Wald;2;3.78;b
189;2019-10-24 14:17:41;0.0;0.0;Köln/Bonn Flughafen ;Flughafen Köln/Bonn;unknown streetnr;3.31;b
243;2019-10-24 14:17:41;0.0;0.0;Siegen;Obere Leimbach;unknown streetnr;3.58;b
128;2019-10-24 15:17:41;53.0577831;8.9625129;Bremen ;Osterholzer Heerstraße;222;4.27;b
165;2019-10-24 15:17:41;53.59348620000001;10.058972800000001;Hamburg ;Bramfelder Chaussee;370;2.86;b
167;2019-10-24 15:17:41;53.5469374;10.0041271;Hamburg ;Oberbaumbrücke;1;3.6;b
183;2019-10-24 15:17:41;51.572289700000006;7.692626700000001;Kamen ;Schattweg;6;4.24;b
187;2019-10-24 15:17:41;50.34663870000001;7.5070666;Koblenz ;Am Rübenacher Wald;2;4.4;b
211;2019-10-24 15:17:41;48.164955799999994;11.4673026;München ;Verdistraße;96;3.89;b
147;2019-10-24 16:17:41;48.82230215;9.28537070224665;Fellbach ;Ohmstraße;25;4.11;b
162;2019-10-24 16:17:41;53.44366379999999;11.2126734;Hagenow ;Sudenhofer Strasse	;2;2.88;b
169;2019-10-24 16:17:41;53.573465799999994;9.9193304;Hamburg ;Schnackenburgallee;12;2.17;b
198;2019-10-24 16:17:41;0.0;0.0;Lohfelden / Kassel ;Alexander-von-Humbodt-Str.;1;4.98;b
201;2019-10-24 16:17:41;52.211349799999994;11.6707176927227;Magdeburg ;Glindenberger Weg;3;3.66;b
206;2019-10-24 16:17:41;51.43973535;6.95458679472378;Mülheim an der Ruhr ;Humboldtring;3;3.32;b
116;2019-10-24 17:17:41;52.492588299999994;13.573059299999999;Berlin ;Heerstraße;37;1.43;b
117;2019-10-24 17:17:41;52.534278099999995;13.365230416526899;Berlin ;Heidestraße;19;2.69;b
149;2019-10-24 17:17:41;50.1232501;8.74321703454232;Frankfurt ;Hanauer Landstr.;334;1.38;b
171;2019-10-24 17:17:41;52.4212225;9.72739685;Hannover ;Industrieweg;30;2.47;b
260;2019-10-24 17:17:41;49.8966051;8.61317310537034;Weiterstadt ;Robert-Koch-Str.;1;3.41;b
196;2019-10-24 18:17:41;50.380316799999996;8.0927724;Limburg ;Brüsseler Str.;14;4.8;b
211;2019-10-24 18:17:41;48.164955799999994;11.4673026;München ;Verdistraße;96;3.76;b
264;2019-10-24 18:17:41;50.05681745;8.3393322556147;Wiesbaden ;Borsigstraße;1;3.88;b
170;2019-10-24 19:17:41;0.0;0.0;Handewitt ;Lecker Chausee;36;4.66;b
187;2019-10-24 19:17:41;50.34663870000001;7.5070666;Koblenz ;Am Rübenacher Wald;2;3.34;b
196;2019-10-24 19:17:41;50.380316799999996;8.0927724;Limburg ;Brüsseler Str.;14;2.87;b
243;2019-10-24 19:17:41;0.0;0.0;Siegen;Obere Leimbach;unknown streetnr;4.01;b
246;2019-10-24 19:17:41;48.6929656;9.198638;Stuttgart ;Flughafenstraße;70;3.28;b
209;2019-10-24 20:00:41;48.121357;11.663883;München ;Kreillerstraße;220;3.65;b
171;2019-10-24 20:17:41;52.4212225;9.72739685;Hannover ;Industrieweg;30;3.18;b
176;2019-10-24 20:17:41;0.0;0.0;Herten;Marie-Curie-Str/Albert-Einstein-Allee;unknown streetnr;3.77;b
183;2019-10-24 20:17:41;51.572289700000006;7.692626700000001;Kamen ;Schattweg;6;3.48;b
201;2019-10-24 20:17:41;52.211349799999994;11.6707176927227;Magdeburg ;Glindenberger Weg;3;3.06;b
211;2019-10-24 20:17:41;48.164955799999994;11.4673026;München ;Verdistraße;96;2.18;b
117;2019-10-24 21:17:41;52.534278099999995;13.365230416526899;Berlin ;Heidestraße;19;2.12;b
121;2019-10-24 21:17:41;52.478646700000006;13.3550598;Berlin ;Sachsendamm;90 - 92;3.23;b
136;2019-10-24 21:17:41;48.407118700000005;10.951334920448302;Derching ;Winterbruckenweg			;53;2.88;b
246;2019-10-24 21:17:41;48.6929656;9.198638;Stuttgart ;Flughafenstraße;70;10.73;b
189;2019-10-24 22:17:41;0.0;0.0;Köln/Bonn Flughafen ;Flughafen Köln/Bonn;unknown streetnr;0.76;b
211;2019-10-24 22:17:41;48.164955799999994;11.4673026;München ;Verdistraße;96;2.53;b
121;2019-10-25 05:17:41;52.478646700000006;13.3550598;Berlin ;Sachsendamm;90 - 92;3.15;b
192;2019-10-25 05:17:41;0.0;0.0;Laatzen / Messe Hannover ;Karlsruher Str.;12;2.46;b
119;2019-10-25 06:17:41;52.57160160000001;13.4296019;Berlin ;Rothenbachstr. ;1;1.48;b
147;2019-10-25 06:17:41;48.82230215;9.28537070224665;Fellbach ;Ohmstraße;25;1.1;b
155;2019-10-25 06:17:41;49.4802092;11.009525199999999;Fürth ;Hans-Vogel-Str. ;55;1.81;b
167;2019-10-25 06:17:41;53.5469374;10.0041271;Hamburg ;Oberbaumbrücke;1;3.04;b
187;2019-10-25 06:17:41;50.34663870000001;7.5070666;Koblenz ;Am Rübenacher Wald;2;4.22;b
189;2019-10-25 06:17:41;0.0;0.0;Köln/Bonn Flughafen ;Flughafen Köln/Bonn;unknown streetnr;3.24;b
198;2019-10-25 06:17:41;0.0;0.0;Lohfelden / Kassel ;Alexander-von-Humbodt-Str.;1;2.37;b
209;2019-10-25 06:17:41;48.121357;11.663883;München ;Kreillerstraße;220;5.04;b
230;2019-10-25 06:17:41;51.2954049;6.9149357;Ratingen ;Brachter Str.;36;1.38;b
264;2019-10-25 06:17:41;50.05681745;8.3393322556147;Wiesbaden ;Borsigstraße;1;3.32;b
119;2019-10-25 07:17:41;52.57160160000001;13.4296019;Berlin ;Rothenbachstr. ;1;2.26;b
136;2019-10-25 07:17:41;48.407118700000005;10.951334920448302;Derching ;Winterbruckenweg			;53;2.62;b
167;2019-10-25 07:17:41;53.5469374;10.0041271;Hamburg ;Oberbaumbrücke;1;2.92;b
232;2019-10-25 07:17:41;51.849093200000006;8.32326831083794;Rheda;Bielefelder Str.;145;3.62;b
236;2019-10-25 07:17:41;54.0805767;12.1890671;Rostock ;Tessiner Str.;98;2.29;b
243;2019-10-25 07:17:41;0.0;0.0;Siegen;Obere Leimbach;unknown streetnr;4.07;b
119;2019-10-25 08:17:41;52.57160160000001;13.4296019;Berlin ;Rothenbachstr. ;1;0.94;b
139;2019-10-25 08:17:41;51.43819415;6.738977183406051;Duisburg ;Am Schlütershof ;27;4.17;b
163;2019-10-25 08:17:41;51.48959165;11.9412334061738;Halle / Saale;Blücherstraße;7;2.79;b
165;2019-10-25 08:17:41;53.59348620000001;10.058972800000001;Hamburg ;Bramfelder Chaussee;370;1.25;b
167;2019-10-25 08:17:41;53.5469374;10.0041271;Hamburg ;Oberbaumbrücke;1;1.31;b
211;2019-10-25 08:17:41;48.164955799999994;11.4673026;München ;Verdistraße;96;0.74;b
267;2019-10-25 08:17:41;51.30824565;7.252635374889129;Wuppertal ;Schmiedestr.;91;3.9;b
116;2019-10-25 09:17:41;52.492588299999994;13.573059299999999;Berlin ;Heerstraße;37;3.62;b
117;2019-10-25 09:17:41;52.534278099999995;13.365230416526899;Berlin ;Heidestraße;19;1.08;b
128;2019-10-25 09:17:41;53.0577831;8.9625129;Bremen ;Osterholzer Heerstraße;222;3.85;b
149;2019-10-25 09:17:41;50.1232501;8.74321703454232;Frankfurt ;Hanauer Landstr.;334;3.28;b
152;2019-10-25 09:17:41;50.9147956;6.8361793;Frechen ;Kölner Straße;209;2.41;b
194;2019-10-25 09:17:41;51.41340665;12.3077606180055;Leipzig ;Poststr. ;3 ;5.33;b
241;2019-10-25 09:17:41;49.171025799999995;10.241408941685801;Schnelldorf ;Rudolf-Diesel-Str. ;1 ;4.5;b
260;2019-10-25 09:17:41;49.8966051;8.61317310537034;Weiterstadt ;Robert-Koch-Str.;1;2.41;b
118;2019-10-25 10:17:41;52.5114331;13.4288729;Berlin ;Holzmarktstraße;36 - 42;0.67;b
147;2019-10-25 10:17:41;48.82230215;9.28537070224665;Fellbach ;Ohmstraße;25;1.58;b
158;2019-10-25 10:17:41;49.7661512;10.4702085;Geiselwind ;Scheinfelder Straße;23;4.03;b
192;2019-10-25 10:17:41;0.0;0.0;Laatzen / Messe Hannover ;Karlsruher Str.;12;2.92;b
136;2019-10-25 11:17:41;48.407118700000005;10.951334920448302;Derching ;Winterbruckenweg			;53;4.38;b
152;2019-10-25 11:17:41;50.9147956;6.8361793;Frechen ;Kölner Straße;209;3.32;b
169;2019-10-25 11:17:41;53.573465799999994;9.9193304;Hamburg ;Schnackenburgallee;12;1.99;b
170;2019-10-25 11:17:41;0.0;0.0;Handewitt ;Lecker Chausee;36;4.92;b
171;2019-10-25 11:17:41;52.4212225;9.72739685;Hannover ;Industrieweg;30;4.05;b
236;2019-10-25 11:17:41;54.0805767;12.1890671;Rostock ;Tessiner Str.;98;2.27;b
117;2019-10-25 12:18:06;52.534278099999995;13.365230416526899;Berlin ;Heidestraße;19;1.07;b
149;2019-10-25 12:18:07;50.1232501;8.74321703454232;Frankfurt ;Hanauer Landstr.;334;3.71;b
165;2019-10-25 12:18:07;53.59348620000001;10.058972800000001;Hamburg ;Bramfelder Chaussee;370;3.77;b
167;2019-10-25 12:18:07;53.5469374;10.0041271;Hamburg ;Oberbaumbrücke;1;2.42;b
198;2019-10-25 12:18:07;0.0;0.0;Lohfelden / Kassel ;Alexander-von-Humbodt-Str.;1;2.78;b
230;2019-10-25 12:18:07;51.2954049;6.9149357;Ratingen ;Brachter Str.;36;0.89;b
246;2019-10-25 12:18:07;48.6929656;9.198638;Stuttgart ;Flughafenstraße;70;2.38;b
128;2019-10-25 13:18:06;53.0577831;8.9625129;Bremen ;Osterholzer Heerstraße;222;4.42;b
155;2019-10-25 13:18:07;49.4802092;11.009525199999999;Fürth ;Hans-Vogel-Str. ;55;3.11;b
162;2019-10-25 13:18:07;53.44366379999999;11.2126734;Hagenow ;Sudenhofer Strasse	;2;1.81;b
167;2019-10-25 13:18:07;53.5469374;10.0041271;Hamburg ;Oberbaumbrücke;1;2.14;b
208;2019-10-25 13:18:07;0.0;0.0;München ;Erdinger Allee;2;2.2;b
246;2019-10-25 13:18:07;48.6929656;9.198638;Stuttgart ;Flughafenstraße;70;1.45;b
250;2019-10-25 13:18:07;48.4256658;9.959754499999999;Ulm ;Helmholtzstraße;8;3.85;b
128;2019-10-25 14:18:06;53.0577831;8.9625129;Bremen ;Osterholzer Heerstraße;222;4.3;b
136;2019-10-25 14:18:06;48.407118700000005;10.951334920448302;Derching ;Winterbruckenweg			;53;4.8;b
152;2019-10-25 14:18:07;50.9147956;6.8361793;Frechen ;Kölner Straße;209;3.16;b
211;2019-10-25 14:18:07;48.164955799999994;11.4673026;München ;Verdistraße;96;2.89;b
244;2019-10-25 14:18:07;48.703218400000004;9.004857800000002;Sindelfingen ;Neckarstraße;10;1.98;b
192;2019-10-25 15:18:07;0.0;0.0;Laatzen / Messe Hannover ;Karlsruher Str.;12;3.73;b
198;2019-10-25 15:18:07;0.0;0.0;Lohfelden / Kassel ;Alexander-von-Humbodt-Str.;1;4.97;b
209;2019-10-25 15:18:07;48.121357;11.663883;München ;Kreillerstraße;220;2.91;b
236;2019-10-25 15:18:07;54.0805767;12.1890671;Rostock ;Tessiner Str.;98;0.87;b
241;2019-10-25 15:18:07;49.171025799999995;10.241408941685801;Schnelldorf ;Rudolf-Diesel-Str. ;1 ;3.95;b
246;2019-10-25 15:18:07;48.6929656;9.198638;Stuttgart ;Flughafenstraße;70;2.36;b
100;2019-10-25 16:18:06;50.792102899999996;6.1185974000000005;Aachen ;Prager Ring;106;1.67;b
121;2019-10-25 16:18:06;52.478646700000006;13.3550598;Berlin ;Sachsendamm;90 - 92;1.69;b
147;2019-10-25 16:18:07;48.82230215;9.28537070224665;Fellbach ;Ohmstraße;25;3.42;b
192;2019-10-25 16:18:07;0.0;0.0;Laatzen / Messe Hannover ;Karlsruher Str.;12;2.83;b
195;2019-10-25 16:18:07;51.02462979999999;7.0058488;Leverkusen ;Karl-Krekeler-Str.;2;2.46;b
209;2019-10-25 16:18:07;48.121357;11.663883;München ;Kreillerstraße;220;4.66;b
195;2019-10-25 17:18:07;51.02462979999999;7.0058488;Leverkusen ;Karl-Krekeler-Str.;2;3.6;b
198;2019-10-25 17:18:07;0.0;0.0;Lohfelden / Kassel ;Alexander-von-Humbodt-Str.;1;2.23;b
226;2019-10-25 17:18:07;48.92043355;8.72064329018156;Pforzheim ;Im Buchbusch;12;3.95;b
243;2019-10-25 17:18:07;0.0;0.0;Siegen;Obere Leimbach;unknown streetnr;3.61;b
111;2019-10-25 20:57:24;49.2120935;9.0769819;Bad Rappenau ;Buchäckerring;40;1.43;b
114;2019-10-25 20:57:24;50.37194885;11.7886343857023;Berg bei Hof ;Sieggrubenstraße ;5;3.17;b
119;2019-10-25 20:57:24;52.57160160000001;13.4296019;Berlin ;Rothenbachstr. ;1;2.02;b
149;2019-10-25 20:57:25;50.1232501;8.74321703454232;Frankfurt ;Hanauer Landstr.;334;3.87;b
170;2019-10-25 20:57:25;0.0;0.0;Handewitt ;Lecker Chausee;36;1.46;b
194;2019-10-25 20:57:25;51.41340665;12.3077606180055;Leipzig ;Poststr. ;3 ;1.77;b
198;2019-10-25 20:57:25;0.0;0.0;Lohfelden / Kassel ;Alexander-von-Humbodt-Str.;1;2.41;b
209;2019-10-25 20:57:25;48.121357;11.663883;München ;Kreillerstraße;220;2.31;b
211;2019-10-25 20:57:25;48.164955799999994;11.4673026;München ;Verdistraße;96;2.84;b
117;2019-10-25 21:17:25;52.534278099999995;13.365230416526899;Berlin ;Heidestraße;19;1.08;b
119;2019-10-25 21:17:25;52.57160160000001;13.4296019;Berlin ;Rothenbachstr. ;1;1.73;b
246;2019-10-25 21:17:25;48.6929656;9.198638;Stuttgart ;Flughafenstraße;70;10.31;b
260;2019-10-25 21:17:25;49.8966051;8.61317310537034;Weiterstadt ;Robert-Koch-Str.;1;1.98;b
264;2019-10-26 01:17:25;50.05681745;8.3393322556147;Wiesbaden ;Borsigstraße;1;2.95;b
167;2019-10-26 05:17:25;53.5469374;10.0041271;Hamburg ;Oberbaumbrücke;1;1.69;b
217;2019-10-26 05:17:25;50.106311;8.735605348517911;Offenbach ;Kaiserleipromenade;5;1.92;b
209;2019-10-26 06:17:25;48.121357;11.663883;München ;Kreillerstraße;220;3.35;b
250;2019-10-26 06:17:25;48.4256658;9.959754499999999;Ulm ;Helmholtzstraße;8;4.06;b
226;2019-10-26 08:17:25;48.92043355;8.72064329018156;Pforzheim ;Im Buchbusch;12;3.18;b
211;2019-10-26 09:19:18;48.164955799999994;11.4673026;München ;Verdistraße;96;4.18;b
118;2019-10-26 10:17:18;52.5114331;13.4288729;Berlin ;Holzmarktstraße;36 - 42;2.12;b
121;2019-10-26 10:17:18;52.478646700000006;13.3550598;Berlin ;Sachsendamm;90 - 92;4.77;b
128;2019-10-26 10:17:18;53.0577831;8.9625129;Bremen ;Osterholzer Heerstraße;222;3.66;b
183;2019-10-26 10:17:18;51.572289700000006;7.692626700000001;Kamen ;Schattweg;6;0.73;b
117;2019-10-26 12:18:55;52.534278099999995;13.365230416526899;Berlin ;Heidestraße;19;3.78;b
128;2019-10-26 12:18:55;53.0577831;8.9625129;Bremen ;Osterholzer Heerstraße;222;3.76;b
158;2019-10-26 12:18:55;49.7661512;10.4702085;Geiselwind ;Scheinfelder Straße;23;2.39;b
172;2019-10-26 12:18:56;52.2656391;7.9643412;Hasbergen ;Hauptstraße ;107;3.75;b
176;2019-10-26 12:18:56;0.0;0.0;Herten;Marie-Curie-Str/Albert-Einstein-Allee;unknown streetnr;4.66;b
209;2019-10-26 12:18:56;48.121357;11.663883;München ;Kreillerstraße;220;2.28;b
226;2019-10-26 12:18:56;48.92043355;8.72064329018156;Pforzheim ;Im Buchbusch;12;5.19;b
236;2019-10-26 12:18:56;54.0805767;12.1890671;Rostock ;Tessiner Str.;98;4.81;b
100;2019-10-26 13:18:55;50.792102899999996;6.1185974000000005;Aachen ;Prager Ring;106;3.4;b
116;2019-10-26 13:18:55;52.492588299999994;13.573059299999999;Berlin ;Heerstraße;37;4.36;b
158;2019-10-26 13:18:55;49.7661512;10.4702085;Geiselwind ;Scheinfelder Straße;23;0.91;b
211;2019-10-26 13:18:55;48.164955799999994;11.4673026;München ;Verdistraße;96;0.87;b
217;2019-10-26 13:18:56;50.106311;8.735605348517911;Offenbach ;Kaiserleipromenade;5;3.51;b
264;2019-10-26 13:18:56;50.05681745;8.3393322556147;Wiesbaden ;Borsigstraße;1;1.56;b
128;2019-10-26 14:18:55;53.0577831;8.9625129;Bremen ;Osterholzer Heerstraße;222;4.36;b
169;2019-10-26 15:18:55;53.573465799999994;9.9193304;Hamburg ;Schnackenburgallee;12;3.59;b
184;2019-10-26 15:18:55;48.985688700000004;8.447428;Karlsruhe ;Erlachseeweg;10;1.73;b
217;2019-10-26 15:18:56;50.106311;8.735605348517911;Offenbach ;Kaiserleipromenade;5;2.04;b
138;2019-10-26 16:18:55;51.0365149;13.7486437;Dresden ;Wiener Strasse;39;0.55;b
167;2019-10-26 16:18:55;53.5469374;10.0041271;Hamburg ;Oberbaumbrücke;1;3.06;b
201;2019-10-26 16:18:55;52.211349799999994;11.6707176927227;Magdeburg ;Glindenberger Weg;3;5.49;b
216;2019-10-26 16:18:55;49.41055565;11.1462792788462;Nürnberg ;Gleiwitzer Straße;220;4.52;b
264;2019-10-26 16:18:56;50.05681745;8.3393322556147;Wiesbaden ;Borsigstraße;1;2.59;b
171;2019-10-26 18:18:55;52.4212225;9.72739685;Hannover ;Industrieweg;30;0.9;b
196;2019-10-26 18:18:55;50.380316799999996;8.0927724;Limburg ;Brüsseler Str.;14;1.66;b
209;2019-10-26 18:18:56;48.121357;11.663883;München ;Kreillerstraße;220;2.5;b
211;2019-10-26 19:18:55;48.164955799999994;11.4673026;München ;Verdistraße;96;3.52;b
246;2019-10-26 19:18:55;48.6929656;9.198638;Stuttgart ;Flughafenstraße;70;12.88;b
170;2019-10-26 20:00:55;0.0;0.0;Handewitt ;Lecker Chausee;36;4.08;b
177;2019-10-26 20:18:55;0.0;0.0;Hirschberg ;Goldbeckstraße ;1;2.67;b
209;2019-10-26 20:18:55;48.121357;11.663883;München ;Kreillerstraße;220;4.03;b
250;2019-10-26 20:18:56;48.4256658;9.959754499999999;Ulm ;Helmholtzstraße;8;2.93;b
211;2019-10-26 22:18:55;48.164955799999994;11.4673026;München ;Verdistraße;96;3.97;b
136;2019-10-27 09:45:29;48.407118700000005;10.951334920448302;Derching ;Winterbruckenweg			;53;5.5;b
152;2019-10-27 09:45:29;50.9147956;6.8361793;Frechen ;Kölner Straße;209;2.76;b
167;2019-10-27 09:45:29;53.5469374;10.0041271;Hamburg ;Oberbaumbrücke;1;1.86;b
246;2019-10-27 09:45:29;48.6929656;9.198638;Stuttgart ;Flughafenstraße;70;2.47;b
116;2019-10-27 10:17:30;52.492588299999994;13.573059299999999;Berlin ;Heerstraße;37;2.74;b
119;2019-10-27 10:17:30;52.57160160000001;13.4296019;Berlin ;Rothenbachstr. ;1;0.97;b
176;2019-10-27 10:17:30;0.0;0.0;Herten;Marie-Curie-Str/Albert-Einstein-Allee;unknown streetnr;2.8;b
209;2019-10-27 10:17:30;48.121357;11.663883;München ;Kreillerstraße;220;2.57;b
261;2019-10-27 10:17:30;48.6743797;9.371716099999999;Wendlingen ;Heinrich-Otto-Str.;2;2.28;b
176;2019-10-27 11:17:30;0.0;0.0;Herten;Marie-Curie-Str/Albert-Einstein-Allee;unknown streetnr;1.58;b
198;2019-10-27 11:17:30;0.0;0.0;Lohfelden / Kassel ;Alexander-von-Humbodt-Str.;1;1.87;b
208;2019-10-27 11:17:30;0.0;0.0;München ;Erdinger Allee;2;3.39;b
225;2019-10-27 11:17:30;48.97288220000001;12.0647243;Pentling ;Ammerholz;3;3.13;b
260;2019-10-27 11:17:30;49.8966051;8.61317310537034;Weiterstadt ;Robert-Koch-Str.;1;2.13;b
152;2019-10-27 12:17:30;50.9147956;6.8361793;Frechen ;Kölner Straße;209;2.66;b
183;2019-10-27 12:17:30;51.572289700000006;7.692626700000001;Kamen ;Schattweg;6;3.82;b
184;2019-10-27 12:17:30;48.985688700000004;8.447428;Karlsruhe ;Erlachseeweg;10;1.9;b
189;2019-10-27 12:17:30;0.0;0.0;Köln/Bonn Flughafen ;Flughafen Köln/Bonn;unknown streetnr;3.19;b
194;2019-10-27 12:17:30;51.41340665;12.3077606180055;Leipzig ;Poststr. ;3 ;5.66;b
206;2019-10-27 12:17:30;51.43973535;6.95458679472378;Mülheim an der Ruhr ;Humboldtring;3;4.32;b
100;2019-10-27 13:17:30;50.792102899999996;6.1185974000000005;Aachen ;Prager Ring;106;2.52;b
139;2019-10-27 13:17:30;51.43819415;6.738977183406051;Duisburg ;Am Schlütershof ;27;3.43;b
149;2019-10-27 13:17:30;50.1232501;8.74321703454232;Frankfurt ;Hanauer Landstr.;334;4.88;b
209;2019-10-27 13:17:30;48.121357;11.663883;München ;Kreillerstraße;220;2.2;b
117;2019-10-27 14:17:30;52.534278099999995;13.365230416526899;Berlin ;Heidestraße;19;2.31;b
128;2019-10-27 14:17:30;53.0577831;8.9625129;Bremen ;Osterholzer Heerstraße;222;5.08;b
139;2019-10-27 14:17:30;51.43819415;6.738977183406051;Duisburg ;Am Schlütershof ;27;2.6;b
208;2019-10-27 14:17:30;0.0;0.0;München ;Erdinger Allee;2;3.23;b
209;2019-10-27 14:17:30;48.121357;11.663883;München ;Kreillerstraße;220;2.09;b
230;2019-10-27 14:17:30;51.2954049;6.9149357;Ratingen ;Brachter Str.;36;4.78;b
138;2019-10-27 15:17:30;51.0365149;13.7486437;Dresden ;Wiener Strasse;39;1.26;b
158;2019-10-27 15:17:30;49.7661512;10.4702085;Geiselwind ;Scheinfelder Straße;23;4.5;b
176;2019-10-27 15:17:30;0.0;0.0;Herten;Marie-Curie-Str/Albert-Einstein-Allee;unknown streetnr;2.02;b
180;2019-10-27 15:17:30;48.75283035;11.451633274883301;Ingolstadt ;Manchinger Straße;84;3.14;b
184;2019-10-27 15:17:30;48.985688700000004;8.447428;Karlsruhe ;Erlachseeweg;10;1.62;b
194;2019-10-27 15:17:30;51.41340665;12.3077606180055;Leipzig ;Poststr. ;3 ;2.41;b
198;2019-10-27 15:17:30;0.0;0.0;Lohfelden / Kassel ;Alexander-von-Humbodt-Str.;1;4.04;b
225;2019-10-27 15:17:30;48.97288220000001;12.0647243;Pentling ;Ammerholz;3;5.38;b
226;2019-10-27 15:17:30;48.92043355;8.72064329018156;Pforzheim ;Im Buchbusch;12;3.0;b
225;2019-10-27 16:17:30;48.97288220000001;12.0647243;Pentling ;Ammerholz;3;2.1;b
189;2019-10-27 17:17:30;0.0;0.0;Köln/Bonn Flughafen ;Flughafen Köln/Bonn;unknown streetnr;3.86;b
198;2019-10-27 17:17:30;0.0;0.0;Lohfelden / Kassel ;Alexander-von-Humbodt-Str.;1;4.66;b
230;2019-10-27 17:17:30;51.2954049;6.9149357;Ratingen ;Brachter Str.;36;3.41;b
250;2019-10-27 17:17:30;48.4256658;9.959754499999999;Ulm ;Helmholtzstraße;8;1.35;b
121;2019-10-27 18:17:30;52.478646700000006;13.3550598;Berlin ;Sachsendamm;90 - 92;3.42;b
211;2019-10-27 18:17:30;48.164955799999994;11.4673026;München ;Verdistraße;96;3.32;b
264;2019-10-27 18:17:30;50.05681745;8.3393322556147;Wiesbaden ;Borsigstraße;1;2.44;b
139;2019-10-27 19:17:30;51.43819415;6.738977183406051;Duisburg ;Am Schlütershof ;27;4.02;b
177;2019-10-27 19:17:30;0.0;0.0;Hirschberg ;Goldbeckstraße ;1;4.27;b
192;2019-10-27 19:17:30;0.0;0.0;Laatzen / Messe Hannover ;Karlsruher Str.;12;3.62;b
139;2019-10-27 20:17:30;51.43819415;6.738977183406051;Duisburg ;Am Schlütershof ;27;3.22;b
171;2019-10-27 20:17:30;52.4212225;9.72739685;Hannover ;Industrieweg;30;4.34;b
170;2019-10-27 21:01:30;0.0;0.0;Handewitt ;Lecker Chausee;36;3.75;b
196;2019-10-27 21:17:30;50.380316799999996;8.0927724;Limburg ;Brüsseler Str.;14;3.48;b
198;2019-10-27 21:17:30;0.0;0.0;Lohfelden / Kassel ;Alexander-von-Humbodt-Str.;1;3.08;b
100;2019-10-27 23:17:30;50.792102899999996;6.1185974000000005;Aachen ;Prager Ring;106;0.59;b
189;2019-10-27 23:17:30;0.0;0.0;Köln/Bonn Flughafen ;Flughafen Köln/Bonn;unknown streetnr;3.26;b
152;2019-10-28 07:17:30;50.9147956;6.8361793;Frechen ;Kölner Straße;209;3.91;b
194;2019-10-28 07:17:30;51.41340665;12.3077606180055;Leipzig ;Poststr. ;3 ;4.13;b
236;2019-10-28 07:17:30;54.0805767;12.1890671;Rostock ;Tessiner Str.;98;2.89;b
250;2019-10-28 07:17:30;48.4256658;9.959754499999999;Ulm ;Helmholtzstraße;8;3.91;b
100;2019-10-28 08:17:30;50.792102899999996;6.1185974000000005;Aachen ;Prager Ring;106;0.87;b
117;2019-10-28 08:17:30;52.534278099999995;13.365230416526899;Berlin ;Heidestraße;19;4.33;b
165;2019-10-28 08:17:30;53.59348620000001;10.058972800000001;Hamburg ;Bramfelder Chaussee;370;3.67;b
172;2019-10-28 08:17:30;52.2656391;7.9643412;Hasbergen ;Hauptstraße ;107;3.28;b
128;2019-10-28 09:17:30;53.0577831;8.9625129;Bremen ;Osterholzer Heerstraße;222;5.59;b
163;2019-10-28 09:17:30;51.48959165;11.9412334061738;Halle / Saale;Blücherstraße;7;5.01;b
165;2019-10-28 09:17:30;53.59348620000001;10.058972800000001;Hamburg ;Bramfelder Chaussee;370;1.14;b
167;2019-10-28 09:17:30;53.5469374;10.0041271;Hamburg ;Oberbaumbrücke;1;2.63;b
117;2019-10-28 10:17:30;52.534278099999995;13.365230416526899;Berlin ;Heidestraße;19;1.05;b
167;2019-10-28 10:17:30;53.5469374;10.0041271;Hamburg ;Oberbaumbrücke;1;2.21;b
246;2019-10-28 10:17:30;48.6929656;9.198638;Stuttgart ;Flughafenstraße;70;3.49;b
264;2019-10-28 10:17:30;50.05681745;8.3393322556147;Wiesbaden ;Borsigstraße;1;4.99;b
167;2019-10-28 11:35:30;53.5469374;10.0041271;Hamburg ;Oberbaumbrücke;1;1.82;b
187;2019-10-28 11:35:30;50.34663870000001;7.5070666;Koblenz ;Am Rübenacher Wald;2;3.66;b
195;2019-10-28 11:35:30;51.02462979999999;7.0058488;Leverkusen ;Karl-Krekeler-Str.;2;4.15;b
250;2019-10-28 11:35:30;48.4256658;9.959754499999999;Ulm ;Helmholtzstraße;8;4.18;b
100;2019-10-28 12:35:30;50.792102899999996;6.1185974000000005;Aachen ;Prager Ring;106;1.91;b
152;2019-10-28 12:35:30;50.9147956;6.8361793;Frechen ;Kölner Straße;209;1.36;b
167;2019-10-28 12:35:30;53.5469374;10.0041271;Hamburg ;Oberbaumbrücke;1;1.72;b
177;2019-10-28 12:35:30;0.0;0.0;Hirschberg ;Goldbeckstraße ;1;2.22;b
192;2019-10-28 12:35:30;0.0;0.0;Laatzen / Messe Hannover ;Karlsruher Str.;12;2.39;b
196;2019-10-28 12:35:30;50.380316799999996;8.0927724;Limburg ;Brüsseler Str.;14;2.27;b
205;2019-10-28 12:35:30;51.15891245;6.44625115;Mönchengladbach ;Odenkirchenerstr.;160;2.65;b
230;2019-10-28 12:35:30;51.2954049;6.9149357;Ratingen ;Brachter Str.;36;0.91;b
184;2019-10-28 13:35:30;48.985688700000004;8.447428;Karlsruhe ;Erlachseeweg;10;2.13;b
187;2019-10-28 13:35:30;50.34663870000001;7.5070666;Koblenz ;Am Rübenacher Wald;2;0.88;b
194;2019-10-28 13:35:30;51.41340665;12.3077606180055;Leipzig ;Poststr. ;3 ;3.63;b
217;2019-10-28 13:35:30;50.106311;8.735605348517911;Offenbach ;Kaiserleipromenade;5;4.56;b
128;2019-10-28 14:35:30;53.0577831;8.9625129;Bremen ;Osterholzer Heerstraße;222;4.32;b
171;2019-10-28 14:35:30;52.4212225;9.72739685;Hannover ;Industrieweg;30;3.92;b
176;2019-10-28 14:35:30;0.0;0.0;Herten;Marie-Curie-Str/Albert-Einstein-Allee;unknown streetnr;1.58;b
194;2019-10-28 14:35:30;51.41340665;12.3077606180055;Leipzig ;Poststr. ;3 ;3.53;b
198;2019-10-28 14:35:30;0.0;0.0;Lohfelden / Kassel ;Alexander-von-Humbodt-Str.;1;0.59;b
241;2019-10-28 14:35:30;49.171025799999995;10.241408941685801;Schnelldorf ;Rudolf-Diesel-Str. ;1 ;3.19;b
158;2019-10-28 15:35:30;49.7661512;10.4702085;Geiselwind ;Scheinfelder Straße;23;3.83;b
163;2019-10-28 15:35:30;51.48959165;11.9412334061738;Halle / Saale;Blücherstraße;7;3.48;b
180;2019-10-28 15:35:30;48.75283035;11.451633274883301;Ingolstadt ;Manchinger Straße;84;1.22;b
184;2019-10-28 15:35:30;48.985688700000004;8.447428;Karlsruhe ;Erlachseeweg;10;3.75;b
217;2019-10-28 15:35:30;50.106311;8.735605348517911;Offenbach ;Kaiserleipromenade;5;3.52;b
246;2019-10-28 15:35:30;48.6929656;9.198638;Stuttgart ;Flughafenstraße;70;1.93;b
152;2019-10-28 16:35:30;50.9147956;6.8361793;Frechen ;Kölner Straße;209;3.22;b
198;2019-10-28 16:35:30;0.0;0.0;Lohfelden / Kassel ;Alexander-von-Humbodt-Str.;1;1.8;b
138;2019-10-28 17:35:30;51.0365149;13.7486437;Dresden ;Wiener Strasse;39;3.73;b
152;2019-10-28 17:35:30;50.9147956;6.8361793;Frechen ;Kölner Straße;209;2.79;b
170;2019-10-28 17:35:30;0.0;0.0;Handewitt ;Lecker Chausee;36;4.74;b
180;2019-10-28 17:35:30;48.75283035;11.451633274883301;Ingolstadt ;Manchinger Straße;84;3.03;b
183;2019-10-28 17:35:30;51.572289700000006;7.692626700000001;Kamen ;Schattweg;6;5.99;b
100;2019-10-28 18:35:30;50.792102899999996;6.1185974000000005;Aachen ;Prager Ring;106;1.5;b
118;2019-10-28 18:35:30;52.5114331;13.4288729;Berlin ;Holzmarktstraße;36 - 42;2.74;b
152;2019-10-28 18:35:30;50.9147956;6.8361793;Frechen ;Kölner Straße;209;3.47;b
163;2019-10-28 18:35:30;51.48959165;11.9412334061738;Halle / Saale;Blücherstraße;7;2.33;b
165;2019-10-28 18:35:30;53.59348620000001;10.058972800000001;Hamburg ;Bramfelder Chaussee;370;4.51;b
187;2019-10-28 18:35:30;50.34663870000001;7.5070666;Koblenz ;Am Rübenacher Wald;2;2.38;b
230;2019-10-28 18:35:31;51.2954049;6.9149357;Ratingen ;Brachter Str.;36;3.56;b
260;2019-10-28 18:35:31;49.8966051;8.61317310537034;Weiterstadt ;Robert-Koch-Str.;1;1.37;b
267;2019-10-28 18:35:31;51.30824565;7.252635374889129;Wuppertal ;Schmiedestr.;91;3.36;b
165;2019-10-28 19:35:30;53.59348620000001;10.058972800000001;Hamburg ;Bramfelder Chaussee;370;3.88;b
117;2019-10-28 20:35:30;52.534278099999995;13.365230416526899;Berlin ;Heidestraße;19;0.85;b
167;2019-10-28 21:35:30;53.5469374;10.0041271;Hamburg ;Oberbaumbrücke;1;3.02;b
177;2019-10-28 23:35:30;0.0;0.0;Hirschberg ;Goldbeckstraße ;1;3.44;b
167;2019-10-29 06:35:30;53.5469374;10.0041271;Hamburg ;Oberbaumbrücke;1;3.0;b
169;2019-10-29 06:35:30;53.573465799999994;9.9193304;Hamburg ;Schnackenburgallee;12;3.03;b
117;2019-10-29 07:35:30;52.534278099999995;13.365230416526899;Berlin ;Heidestraße;19;2.45;b
139;2019-10-29 07:35:30;51.43819415;6.738977183406051;Duisburg ;Am Schlütershof ;27;3.63;b
155;2019-10-29 07:35:30;49.4802092;11.009525199999999;Fürth ;Hans-Vogel-Str. ;55;3.35;b
163;2019-10-29 07:35:30;51.48959165;11.9412334061738;Halle / Saale;Blücherstraße;7;2.57;b
196;2019-10-29 07:35:30;50.380316799999996;8.0927724;Limburg ;Brüsseler Str.;14;3.22;b
205;2019-10-29 07:35:30;51.15891245;6.44625115;Mönchengladbach ;Odenkirchenerstr.;160;4.09;b
217;2019-10-29 07:35:30;50.106311;8.735605348517911;Offenbach ;Kaiserleipromenade;5;2.98;b
260;2019-10-29 07:35:30;49.8966051;8.61317310537034;Weiterstadt ;Robert-Koch-Str.;1;2.38;b
264;2019-10-29 07:35:30;50.05681745;8.3393322556147;Wiesbaden ;Borsigstraße;1;0.75;b
111;2019-10-29 08:35:30;49.2120935;9.0769819;Bad Rappenau ;Buchäckerring;40;4.76;b
128;2019-10-29 08:35:30;53.0577831;8.9625129;Bremen ;Osterholzer Heerstraße;222;1.56;b
136;2019-10-29 08:35:30;48.407118700000005;10.951334920448302;Derching ;Winterbruckenweg			;53;3.72;b
158;2019-10-29 08:35:30;49.7661512;10.4702085;Geiselwind ;Scheinfelder Straße;23;3.28;b
167;2019-10-29 08:35:30;53.5469374;10.0041271;Hamburg ;Oberbaumbrücke;1;1.78;b
172;2019-10-29 08:35:30;52.2656391;7.9643412;Hasbergen ;Hauptstraße ;107;2.14;b
264;2019-10-29 08:35:31;50.05681745;8.3393322556147;Wiesbaden ;Borsigstraße;1;2.83;b
128;2019-10-29 09:35:30;53.0577831;8.9625129;Bremen ;Osterholzer Heerstraße;222;4.3;b
167;2019-10-29 09:35:30;53.5469374;10.0041271;Hamburg ;Oberbaumbrücke;1;0.96;b
198;2019-10-29 09:35:30;0.0;0.0;Lohfelden / Kassel ;Alexander-von-Humbodt-Str.;1;2.05;b
217;2019-10-29 09:35:30;50.106311;8.735605348517911;Offenbach ;Kaiserleipromenade;5;1.81;b
246;2019-10-29 09:35:30;48.6929656;9.198638;Stuttgart ;Flughafenstraße;70;14.43;b
267;2019-10-29 09:35:30;51.30824565;7.252635374889129;Wuppertal ;Schmiedestr.;91;1.59;b
114;2019-10-29 10:35:30;50.37194885;11.7886343857023;Berg bei Hof ;Sieggrubenstraße ;5;4.2;b
117;2019-10-29 10:35:30;52.534278099999995;13.365230416526899;Berlin ;Heidestraße;19;0.77;b
139;2019-10-29 10:35:30;51.43819415;6.738977183406051;Duisburg ;Am Schlütershof ;27;3.62;b
176;2019-10-29 10:35:30;0.0;0.0;Herten;Marie-Curie-Str/Albert-Einstein-Allee;unknown streetnr;0.82;b
195;2019-10-29 10:35:30;51.02462979999999;7.0058488;Leverkusen ;Karl-Krekeler-Str.;2;4.25;b
246;2019-10-29 10:35:31;48.6929656;9.198638;Stuttgart ;Flughafenstraße;70;0.84;b
138;2019-10-29 11:35:30;51.0365149;13.7486437;Dresden ;Wiener Strasse;39;1.84;b
139;2019-10-29 11:35:30;51.43819415;6.738977183406051;Duisburg ;Am Schlütershof ;27;4.0;b
149;2019-10-29 11:35:30;50.1232501;8.74321703454232;Frankfurt ;Hanauer Landstr.;334;4.43;b
209;2019-10-29 11:35:30;48.121357;11.663883;München ;Kreillerstraße;220;2.26;b
118;2019-10-29 12:35:30;52.5114331;13.4288729;Berlin ;Holzmarktstraße;36 - 42;1.17;b
163;2019-10-29 12:35:30;51.48959165;11.9412334061738;Halle / Saale;Blücherstraße;7;2.6;b
169;2019-10-29 12:35:30;53.573465799999994;9.9193304;Hamburg ;Schnackenburgallee;12;4.07;b
119;2019-10-29 13:35:30;52.57160160000001;13.4296019;Berlin ;Rothenbachstr. ;1;1.36;b
163;2019-10-29 13:35:30;51.48959165;11.9412334061738;Halle / Saale;Blücherstraße;7;1.32;b
169;2019-10-29 13:35:30;53.573465799999994;9.9193304;Hamburg ;Schnackenburgallee;12;2.45;b
180;2019-10-29 13:35:30;48.75283035;11.451633274883301;Ingolstadt ;Manchinger Straße;84;2.81;b
183;2019-10-29 13:35:30;51.572289700000006;7.692626700000001;Kamen ;Schattweg;6;6.03;b
187;2019-10-29 13:35:30;50.34663870000001;7.5070666;Koblenz ;Am Rübenacher Wald;2;0.8;b
209;2019-10-29 13:35:30;48.121357;11.663883;München ;Kreillerstraße;220;3.69;b
246;2019-10-29 13:35:30;48.6929656;9.198638;Stuttgart ;Flughafenstraße;70;2.87;b
128;2019-10-29 14:35:30;53.0577831;8.9625129;Bremen ;Osterholzer Heerstraße;222;4.31;b
159;2019-10-29 14:35:30;47.9171221;8.66796350932853;Geisingen ;Bodenseestraße;19;2.16;b
167;2019-10-29 14:35:30;53.5469374;10.0041271;Hamburg ;Oberbaumbrücke;1;3.09;b
198;2019-10-29 14:35:30;0.0;0.0;Lohfelden / Kassel ;Alexander-von-Humbodt-Str.;1;1.07;b
209;2019-10-29 14:35:30;48.121357;11.663883;München ;Kreillerstraße;220;2.75;b
250;2019-10-29 14:35:30;48.4256658;9.959754499999999;Ulm ;Helmholtzstraße;8;2.35;b
128;2019-10-29 15:35:30;53.0577831;8.9625129;Bremen ;Osterholzer Heerstraße;222;5.51;b
187;2019-10-29 15:35:30;50.34663870000001;7.5070666;Koblenz ;Am Rübenacher Wald;2;1.21;b
204;2019-10-29 15:35:30;0.0;0.0;Metzingen ;Auchterstraße;19;3.35;b
208;2019-10-29 15:35:30;0.0;0.0;München ;Erdinger Allee;2;2.89;b
209;2019-10-29 15:35:30;48.121357;11.663883;München ;Kreillerstraße;220;2.8;b
264;2019-10-29 15:35:30;50.05681745;8.3393322556147;Wiesbaden ;Borsigstraße;1;2.14;b
128;2019-10-29 16:35:30;53.0577831;8.9625129;Bremen ;Osterholzer Heerstraße;222;3.7;b
139;2019-10-29 16:35:30;51.43819415;6.738977183406051;Duisburg ;Am Schlütershof ;27;2.01;b
158;2019-10-29 16:35:30;49.7661512;10.4702085;Geiselwind ;Scheinfelder Straße;23;1.73;b
180;2019-10-29 16:35:30;48.75283035;11.451633274883301;Ingolstadt ;Manchinger Straße;84;2.27;b
187;2019-10-29 16:35:30;50.34663870000001;7.5070666;Koblenz ;Am Rübenacher Wald;2;2.45;b
128;2019-10-29 17:35:30;53.0577831;8.9625129;Bremen ;Osterholzer Heerstraße;222;3.79;b
170;2019-10-29 17:35:30;0.0;0.0;Handewitt ;Lecker Chausee;36;4.83;b
243;2019-10-29 17:35:30;0.0;0.0;Siegen;Obere Leimbach;unknown streetnr;3.11;b
136;2019-10-29 18:35:30;48.407118700000005;10.951334920448302;Derching ;Winterbruckenweg			;53;2.86;b
163;2019-10-29 18:35:30;51.48959165;11.9412334061738;Halle / Saale;Blücherstraße;7;2.96;b
195;2019-10-29 18:35:30;51.02462979999999;7.0058488;Leverkusen ;Karl-Krekeler-Str.;2;3.24;b
198;2019-10-29 18:35:30;0.0;0.0;Lohfelden / Kassel ;Alexander-von-Humbodt-Str.;1;3.33;b
209;2019-10-29 18:35:30;48.121357;11.663883;München ;Kreillerstraße;220;2.59;b
159;2019-10-29 19:35:30;47.9171221;8.66796350932853;Geisingen ;Bodenseestraße;19;3.68;b
201;2019-10-29 19:35:30;52.211349799999994;11.6707176927227;Magdeburg ;Glindenberger Weg;3;4.32;b
209;2019-10-29 19:35:30;48.121357;11.663883;München ;Kreillerstraße;220;3.67;b
264;2019-10-29 19:35:30;50.05681745;8.3393322556147;Wiesbaden ;Borsigstraße;1;3.91;b
138;2019-10-29 20:35:30;51.0365149;13.7486437;Dresden ;Wiener Strasse;39;1.24;b
246;2019-10-29 20:35:30;48.6929656;9.198638;Stuttgart ;Flughafenstraße;70;3.57;b
264;2019-10-29 20:35:30;50.05681745;8.3393322556147;Wiesbaden ;Borsigstraße;1;1.47;b
210;2019-10-29 21:01:30;48.102680299999996;11.625419500000001;München ;Ottobrunner Str. ;116;2.56;b
114;2019-10-29 21:35:30;50.37194885;11.7886343857023;Berg bei Hof ;Sieggrubenstraße ;5;4.07;b
167;2019-10-29 21:35:30;53.5469374;10.0041271;Hamburg ;Oberbaumbrücke;1;2.68;b
208;2019-10-29 22:35:30;0.0;0.0;München ;Erdinger Allee;2;3.09;b
180;2019-10-30 05:35:30;48.75283035;11.451633274883301;Ingolstadt ;Manchinger Straße;84;3.61;b
158;2019-10-30 06:35:30;49.7661512;10.4702085;Geiselwind ;Scheinfelder Straße;23;3.0;b
159;2019-10-30 06:35:30;47.9171221;8.66796350932853;Geisingen ;Bodenseestraße;19;2.73;b
184;2019-10-30 06:35:30;48.985688700000004;8.447428;Karlsruhe ;Erlachseeweg;10;0.76;b
196;2019-10-30 06:35:30;50.380316799999996;8.0927724;Limburg ;Brüsseler Str.;14;3.62;b
246;2019-10-30 06:35:31;48.6929656;9.198638;Stuttgart ;Flughafenstraße;70;14.75;b
167;2019-10-30 07:35:30;53.5469374;10.0041271;Hamburg ;Oberbaumbrücke;1;2.42;b
194;2019-10-30 07:35:30;51.41340665;12.3077606180055;Leipzig ;Poststr. ;3 ;3.07;b
209;2019-10-30 07:35:30;48.121357;11.663883;München ;Kreillerstraße;220;3.07;b
241;2019-10-30 07:35:30;49.171025799999995;10.241408941685801;Schnelldorf ;Rudolf-Diesel-Str. ;1 ;4.64;b
136;2019-10-30 08:35:30;48.407118700000005;10.951334920448302;Derching ;Winterbruckenweg			;53;3.6;b
195;2019-10-30 08:35:30;51.02462979999999;7.0058488;Leverkusen ;Karl-Krekeler-Str.;2;2.7;b
206;2019-10-30 08:35:30;51.43973535;6.95458679472378;Mülheim an der Ruhr ;Humboldtring;3;2.45;b
209;2019-10-30 08:35:30;48.121357;11.663883;München ;Kreillerstraße;220;1.04;b
100;2019-10-30 09:35:30;50.792102899999996;6.1185974000000005;Aachen ;Prager Ring;106;3.86;b
117;2019-10-30 09:35:30;52.534278099999995;13.365230416526899;Berlin ;Heidestraße;19;0.72;b
121;2019-10-30 09:35:30;52.478646700000006;13.3550598;Berlin ;Sachsendamm;90 - 92;1.5;b
136;2019-10-30 09:35:30;48.407118700000005;10.951334920448302;Derching ;Winterbruckenweg			;53;4.17;b
196;2019-10-30 09:35:30;50.380316799999996;8.0927724;Limburg ;Brüsseler Str.;14;4.18;b
198;2019-10-30 09:35:31;0.0;0.0;Lohfelden / Kassel ;Alexander-von-Humbodt-Str.;1;3.26;b
209;2019-10-30 09:35:31;48.121357;11.663883;München ;Kreillerstraße;220;3.12;b
149;2019-10-30 10:35:30;50.1232501;8.74321703454232;Frankfurt ;Hanauer Landstr.;334;3.06;b
165;2019-10-30 10:35:30;53.59348620000001;10.058972800000001;Hamburg ;Bramfelder Chaussee;370;1.22;b
183;2019-10-30 10:35:30;51.572289700000006;7.692626700000001;Kamen ;Schattweg;6;4.67;b
184;2019-10-30 10:35:30;48.985688700000004;8.447428;Karlsruhe ;Erlachseeweg;10;1.68;b
261;2019-10-30 10:35:30;48.6743797;9.371716099999999;Wendlingen ;Heinrich-Otto-Str.;2;2.31;b
121;2019-10-30 11:35:30;52.478646700000006;13.3550598;Berlin ;Sachsendamm;90 - 92;3.82;b
169;2019-10-30 11:35:30;53.573465799999994;9.9193304;Hamburg ;Schnackenburgallee;12;2.56;b
180;2019-10-30 11:35:30;48.75283035;11.451633274883301;Ingolstadt ;Manchinger Straße;84;4.05;b
194;2019-10-30 11:35:30;51.41340665;12.3077606180055;Leipzig ;Poststr. ;3 ;4.33;b
209;2019-10-30 11:35:30;48.121357;11.663883;München ;Kreillerstraße;220;3.33;b
243;2019-10-30 11:35:30;0.0;0.0;Siegen;Obere Leimbach;unknown streetnr;3.32;b
261;2019-10-30 11:35:30;48.6743797;9.371716099999999;Wendlingen ;Heinrich-Otto-Str.;2;2.77;b
128;2019-10-30 12:35:30;53.0577831;8.9625129;Bremen ;Osterholzer Heerstraße;222;4.35;b
176;2019-10-30 12:35:30;0.0;0.0;Herten;Marie-Curie-Str/Albert-Einstein-Allee;unknown streetnr;4.36;b
198;2019-10-30 12:35:30;0.0;0.0;Lohfelden / Kassel ;Alexander-von-Humbodt-Str.;1;1.7;b
206;2019-10-30 12:35:30;51.43973535;6.95458679472378;Mülheim an der Ruhr ;Humboldtring;3;2.54;b
209;2019-10-30 12:35:30;48.121357;11.663883;München ;Kreillerstraße;220;1.43;b
246;2019-10-30 12:35:30;48.6929656;9.198638;Stuttgart ;Flughafenstraße;70;3.47;b
112;2019-10-30 13:35:30;49.96278135;11.6107850192525;Bayreuth ;Christian-Ritter-von-Langheinrich;2;2.84;b
114;2019-10-30 13:35:30;50.37194885;11.7886343857023;Berg bei Hof ;Sieggrubenstraße ;5;3.3;b
128;2019-10-30 13:35:30;53.0577831;8.9625129;Bremen ;Osterholzer Heerstraße;222;4.0;b
149;2019-10-30 13:35:30;50.1232501;8.74321703454232;Frankfurt ;Hanauer Landstr.;334;3.7;b
155;2019-10-30 13:35:30;49.4802092;11.009525199999999;Fürth ;Hans-Vogel-Str. ;55;3.27;b
206;2019-10-30 13:35:30;51.43973535;6.95458679472378;Mülheim an der Ruhr ;Humboldtring;3;3.77;b
209;2019-10-30 13:35:30;48.121357;11.663883;München ;Kreillerstraße;220;2.74;b
171;2019-10-30 14:35:30;52.4212225;9.72739685;Hannover ;Industrieweg;30;3.05;b
264;2019-10-30 14:35:30;50.05681745;8.3393322556147;Wiesbaden ;Borsigstraße;1;3.18;b
100;2019-10-31 11:53:26;50.792102899999996;6.1185974000000005;Aachen ;Prager Ring;106;2.54;b
111;2019-10-31 11:53:26;49.2120935;9.0769819;Bad Rappenau ;Buchäckerring;40;2.83;b
116;2019-10-31 11:53:26;52.492588299999994;13.573059299999999;Berlin ;Heerstraße;37;1.59;b
117;2019-10-31 11:53:26;52.534278099999995;13.365230416526899;Berlin ;Heidestraße;19;2.26;b
118;2019-10-31 11:53:26;52.5114331;13.4288729;Berlin ;Holzmarktstraße;36 - 42;2.84;b
119;2019-10-31 11:53:26;52.57160160000001;13.4296019;Berlin ;Rothenbachstr. ;1;3.08;b
121;2019-10-31 11:53:26;52.478646700000006;13.3550598;Berlin ;Sachsendamm;90 - 92;1.28;b
128;2019-10-31 11:53:26;53.0577831;8.9625129;Bremen ;Osterholzer Heerstraße;222;3.66;b
136;2019-10-31 11:53:26;48.407118700000005;10.951334920448302;Derching ;Winterbruckenweg			;53;3.12;b
139;2019-10-31 11:53:26;51.43819415;6.738977183406051;Duisburg ;Am Schlütershof ;27;1.58;b
146;2019-10-31 11:53:26;51.503100700000005;7.0490885;Essen ;Katernberger Str.		;99;3.48;b
147;2019-10-31 11:53:26;48.82230215;9.28537070224665;Fellbach ;Ohmstraße;25;1.7;b
149;2019-10-31 11:53:26;50.1232501;8.74321703454232;Frankfurt ;Hanauer Landstr.;334;2.74;b
158;2019-10-31 11:53:27;49.7661512;10.4702085;Geiselwind ;Scheinfelder Straße;23;2.29;b
165;2019-10-31 11:53:27;53.59348620000001;10.058972800000001;Hamburg ;Bramfelder Chaussee;370;1.66;b
167;2019-10-31 11:53:27;53.5469374;10.0041271;Hamburg ;Oberbaumbrücke;1;1.33;b
169;2019-10-31 11:53:27;53.573465799999994;9.9193304;Hamburg ;Schnackenburgallee;12;2.57;b
170;2019-10-31 11:53:27;0.0;0.0;Handewitt ;Lecker Chausee;36;3.35;b
172;2019-10-31 11:53:27;52.2656391;7.9643412;Hasbergen ;Hauptstraße ;107;5.13;b
176;2019-10-31 11:53:27;0.0;0.0;Herten;Marie-Curie-Str/Albert-Einstein-Allee;unknown streetnr;2.43;b
180;2019-10-31 11:53:27;48.75283035;11.451633274883301;Ingolstadt ;Manchinger Straße;84;3.5;b
184;2019-10-31 11:53:27;48.985688700000004;8.447428;Karlsruhe ;Erlachseeweg;10;4.07;b
187;2019-10-31 11:53:27;50.34663870000001;7.5070666;Koblenz ;Am Rübenacher Wald;2;3.85;b
189;2019-10-31 11:53:27;0.0;0.0;Köln/Bonn Flughafen ;Flughafen Köln/Bonn;unknown streetnr;4.13;b
195;2019-10-31 11:53:27;51.02462979999999;7.0058488;Leverkusen ;Karl-Krekeler-Str.;2;3.5;b
196;2019-10-31 11:53:27;50.380316799999996;8.0927724;Limburg ;Brüsseler Str.;14;2.07;b
198;2019-10-31 11:53:27;0.0;0.0;Lohfelden / Kassel ;Alexander-von-Humbodt-Str.;1;2.98;b
201;2019-10-31 11:53:27;52.211349799999994;11.6707176927227;Magdeburg ;Glindenberger Weg;3;3.63;b
217;2019-10-31 11:53:27;50.106311;8.735605348517911;Offenbach ;Kaiserleipromenade;5;3.26;b
236;2019-10-31 11:53:27;54.0805767;12.1890671;Rostock ;Tessiner Str.;98;2.39;b
243;2019-10-31 11:53:27;0.0;0.0;Siegen;Obere Leimbach;unknown streetnr;4.38;b
264;2019-10-31 11:53:27;50.05681745;8.3393322556147;Wiesbaden ;Borsigstraße;1;2.97;b
267;2019-10-31 11:53:27;51.30824565;7.252635374889129;Wuppertal ;Schmiedestr.;91;3.76;b
139;2019-10-31 12:35:28;51.43819415;6.738977183406051;Duisburg ;Am Schlütershof ;27;2.67;b
216;2019-10-31 12:35:28;49.41055565;11.1462792788462;Nürnberg ;Gleiwitzer Straße;220;3.09;b
111;2019-10-31 13:35:28;49.2120935;9.0769819;Bad Rappenau ;Buchäckerring;40;3.22;b
114;2019-10-31 13:35:28;50.37194885;11.7886343857023;Berg bei Hof ;Sieggrubenstraße ;5;2.02;b
149;2019-10-31 13:35:28;50.1232501;8.74321703454232;Frankfurt ;Hanauer Landstr.;334;1.08;b
209;2019-10-31 13:35:28;48.121357;11.663883;München ;Kreillerstraße;220;4.5;b
232;2019-10-31 13:35:29;51.849093200000006;8.32326831083794;Rheda;Bielefelder Str.;145;1.09;b
246;2019-10-31 13:35:29;48.6929656;9.198638;Stuttgart ;Flughafenstraße;70;12.49;b
167;2019-10-31 14:35:28;53.5469374;10.0041271;Hamburg ;Oberbaumbrücke;1;2.81;b
184;2019-10-31 14:35:28;48.985688700000004;8.447428;Karlsruhe ;Erlachseeweg;10;1.81;b
189;2019-10-31 14:35:28;0.0;0.0;Köln/Bonn Flughafen ;Flughafen Köln/Bonn;unknown streetnr;1.85;b
216;2019-10-31 14:35:28;49.41055565;11.1462792788462;Nürnberg ;Gleiwitzer Straße;220;1.67;b
246;2019-10-31 14:35:29;48.6929656;9.198638;Stuttgart ;Flughafenstraße;70;3.8;b
128;2019-10-31 15:35:28;53.0577831;8.9625129;Bremen ;Osterholzer Heerstraße;222;3.81;b
167;2019-10-31 15:35:28;53.5469374;10.0041271;Hamburg ;Oberbaumbrücke;1;2.89;b
176;2019-10-31 15:35:28;0.0;0.0;Herten;Marie-Curie-Str/Albert-Einstein-Allee;unknown streetnr;2.4;b
217;2019-10-31 15:35:28;50.106311;8.735605348517911;Offenbach ;Kaiserleipromenade;5;1.57;b
225;2019-10-31 15:35:29;48.97288220000001;12.0647243;Pentling ;Ammerholz;3;3.19;b
244;2019-10-31 15:35:29;48.703218400000004;9.004857800000002;Sindelfingen ;Neckarstraße;10;4.35;b
264;2019-10-31 15:35:29;50.05681745;8.3393322556147;Wiesbaden ;Borsigstraße;1;3.92;b
112;2019-10-31 16:35:28;49.96278135;11.6107850192525;Bayreuth ;Christian-Ritter-von-Langheinrich;2;2.78;b
167;2019-10-31 16:35:28;53.5469374;10.0041271;Hamburg ;Oberbaumbrücke;1;3.64;b
211;2019-10-31 16:35:28;48.164955799999994;11.4673026;München ;Verdistraße;96;0.94;b
267;2019-10-31 16:35:29;51.30824565;7.252635374889129;Wuppertal ;Schmiedestr.;91;4.96;b
152;2019-10-31 17:35:28;50.9147956;6.8361793;Frechen ;Kölner Straße;209;3.69;b
158;2019-10-31 17:35:28;49.7661512;10.4702085;Geiselwind ;Scheinfelder Straße;23;3.33;b
163;2019-10-31 17:35:28;51.48959165;11.9412334061738;Halle / Saale;Blücherstraße;7;2.54;b
244;2019-10-31 17:35:28;48.703218400000004;9.004857800000002;Sindelfingen ;Neckarstraße;10;4.01;b
111;2019-10-31 18:35:28;49.2120935;9.0769819;Bad Rappenau ;Buchäckerring;40;2.62;b
152;2019-10-31 18:35:28;50.9147956;6.8361793;Frechen ;Kölner Straße;209;0.88;b
162;2019-10-31 18:35:28;53.44366379999999;11.2126734;Hagenow ;Sudenhofer Strasse	;2;3.53;b
206;2019-10-31 18:35:28;51.43973535;6.95458679472378;Mülheim an der Ruhr ;Humboldtring;3;3.55;b
264;2019-10-31 18:35:29;50.05681745;8.3393322556147;Wiesbaden ;Borsigstraße;1;2.64;b
119;2019-10-31 19:35:28;52.57160160000001;13.4296019;Berlin ;Rothenbachstr. ;1;1.68;b
209;2019-10-31 19:35:28;48.121357;11.663883;München ;Kreillerstraße;220;2.87;b
211;2019-10-31 19:35:28;48.164955799999994;11.4673026;München ;Verdistraße;96;2.69;b
264;2019-10-31 19:35:29;50.05681745;8.3393322556147;Wiesbaden ;Borsigstraße;1;4.2;b
128;2019-10-31 20:35:28;53.0577831;8.9625129;Bremen ;Osterholzer Heerstraße;222;2.06;b
232;2019-10-31 20:35:28;51.849093200000006;8.32326831083794;Rheda;Bielefelder Str.;145;5.11;b
180;2019-10-31 21:35:28;48.75283035;11.451633274883301;Ingolstadt ;Manchinger Straße;84;3.65;b
128;2019-10-31 22:35:28;53.0577831;8.9625129;Bremen ;Osterholzer Heerstraße;222;1.78;b
167;2019-10-31 22:35:28;53.5469374;10.0041271;Hamburg ;Oberbaumbrücke;1;1.6;b
118;2019-10-31 23:35:28;52.5114331;13.4288729;Berlin ;Holzmarktstraße;36 - 42;2.31;b
267;2019-11-01 00:35:29;51.30824565;7.252635374889129;Wuppertal ;Schmiedestr.;91;3.45;b
211;2019-11-01 01:35:28;48.164955799999994;11.4673026;München ;Verdistraße;96;3.08;b
264;2019-11-01 06:35:28;50.05681745;8.3393322556147;Wiesbaden ;Borsigstraße;1;1.16;b
119;2019-11-01 07:35:28;52.57160160000001;13.4296019;Berlin ;Rothenbachstr. ;1;1.92;b
246;2019-11-01 07:35:28;48.6929656;9.198638;Stuttgart ;Flughafenstraße;70;3.5;b
176;2019-11-01 08:35:28;0.0;0.0;Herten;Marie-Curie-Str/Albert-Einstein-Allee;unknown streetnr;2.97;b
211;2019-11-01 08:35:28;48.164955799999994;11.4673026;München ;Verdistraße;96;1.47;b
114;2019-11-01 09:35:28;50.37194885;11.7886343857023;Berg bei Hof ;Sieggrubenstraße ;5;1.05;b
152;2019-11-01 09:35:28;50.9147956;6.8361793;Frechen ;Kölner Straße;209;4.55;b
165;2019-11-01 09:35:28;53.59348620000001;10.058972800000001;Hamburg ;Bramfelder Chaussee;370;3.02;b
225;2019-11-01 09:35:29;48.97288220000001;12.0647243;Pentling ;Ammerholz;3;2.37;b
128;2019-11-01 10:35:28;53.0577831;8.9625129;Bremen ;Osterholzer Heerstraße;222;4.51;b
183;2019-11-01 10:35:28;51.572289700000006;7.692626700000001;Kamen ;Schattweg;6;2.37;b
184;2019-11-01 10:35:28;48.985688700000004;8.447428;Karlsruhe ;Erlachseeweg;10;1.24;b
192;2019-11-01 10:35:28;0.0;0.0;Laatzen / Messe Hannover ;Karlsruher Str.;12;4.74;b
194;2019-11-01 10:35:28;51.41340665;12.3077606180055;Leipzig ;Poststr. ;3 ;4.0;b
198;2019-11-01 10:35:28;0.0;0.0;Lohfelden / Kassel ;Alexander-von-Humbodt-Str.;1;3.11;b
216;2019-11-01 10:35:29;49.41055565;11.1462792788462;Nürnberg ;Gleiwitzer Straße;220;0.68;b
264;2019-11-01 10:35:29;50.05681745;8.3393322556147;Wiesbaden ;Borsigstraße;1;4.44;b
121;2019-11-01 11:35:28;52.478646700000006;13.3550598;Berlin ;Sachsendamm;90 - 92;2.45;b
138;2019-11-01 11:35:28;51.0365149;13.7486437;Dresden ;Wiener Strasse;39;4.17;b
139;2019-11-01 11:35:28;51.43819415;6.738977183406051;Duisburg ;Am Schlütershof ;27;1.82;b
163;2019-11-01 11:35:28;51.48959165;11.9412334061738;Halle / Saale;Blücherstraße;7;3.3;b
177;2019-11-01 11:35:28;0.0;0.0;Hirschberg ;Goldbeckstraße ;1;1.25;b
195;2019-11-01 11:35:29;51.02462979999999;7.0058488;Leverkusen ;Karl-Krekeler-Str.;2;3.82;b
236;2019-11-01 11:35:29;54.0805767;12.1890671;Rostock ;Tessiner Str.;98;3.27;b
116;2019-11-01 12:35:28;52.492588299999994;13.573059299999999;Berlin ;Heerstraße;37;5.12;b
117;2019-11-01 12:35:28;52.534278099999995;13.365230416526899;Berlin ;Heidestraße;19;1.31;b
171;2019-11-01 12:35:28;52.4212225;9.72739685;Hannover ;Industrieweg;30;3.46;b
264;2019-11-01 12:35:29;50.05681745;8.3393322556147;Wiesbaden ;Borsigstraße;1;3.13;b
121;2019-11-01 14:35:28;52.478646700000006;13.3550598;Berlin ;Sachsendamm;90 - 92;1.78;b
136;2019-11-01 14:35:28;48.407118700000005;10.951334920448302;Derching ;Winterbruckenweg			;53;5.26;b
147;2019-11-01 14:35:28;48.82230215;9.28537070224665;Fellbach ;Ohmstraße;25;2.53;b
169;2019-11-01 14:35:28;53.573465799999994;9.9193304;Hamburg ;Schnackenburgallee;12;3.19;b
172;2019-11-01 14:35:28;52.2656391;7.9643412;Hasbergen ;Hauptstraße ;107;1.18;b
189;2019-11-01 14:35:28;0.0;0.0;Köln/Bonn Flughafen ;Flughafen Köln/Bonn;unknown streetnr;1.57;b
194;2019-11-01 14:35:28;51.41340665;12.3077606180055;Leipzig ;Poststr. ;3 ;5.16;b
260;2019-11-01 14:35:29;49.8966051;8.61317310537034;Weiterstadt ;Robert-Koch-Str.;1;4.14;b
138;2019-11-01 15:35:28;51.0365149;13.7486437;Dresden ;Wiener Strasse;39;3.64;b
165;2019-11-01 15:35:28;53.59348620000001;10.058972800000001;Hamburg ;Bramfelder Chaussee;370;2.39;b
170;2019-11-01 15:35:28;0.0;0.0;Handewitt ;Lecker Chausee;36;4.82;b
243;2019-11-01 15:35:28;0.0;0.0;Siegen;Obere Leimbach;unknown streetnr;4.59;b
118;2019-11-01 16:35:28;52.5114331;13.4288729;Berlin ;Holzmarktstraße;36 - 42;1.42;b
167;2019-11-01 16:35:28;53.5469374;10.0041271;Hamburg ;Oberbaumbrücke;1;2.35;b
117;2019-11-01 17:35:28;52.534278099999995;13.365230416526899;Berlin ;Heidestraße;19;1.55;b
169;2019-11-01 17:35:28;53.573465799999994;9.9193304;Hamburg ;Schnackenburgallee;12;1.99;b
183;2019-11-01 17:35:28;51.572289700000006;7.692626700000001;Kamen ;Schattweg;6;3.29;b
196;2019-11-01 17:35:28;50.380316799999996;8.0927724;Limburg ;Brüsseler Str.;14;4.7;b
209;2019-11-01 17:35:29;48.121357;11.663883;München ;Kreillerstraße;220;2.82;b
225;2019-11-01 17:35:29;48.97288220000001;12.0647243;Pentling ;Ammerholz;3;3.7;b
100;2019-11-01 18:35:28;50.792102899999996;6.1185974000000005;Aachen ;Prager Ring;106;1.04;b
128;2019-11-01 18:35:28;53.0577831;8.9625129;Bremen ;Osterholzer Heerstraße;222;1.22;b
176;2019-11-01 18:35:28;0.0;0.0;Herten;Marie-Curie-Str/Albert-Einstein-Allee;unknown streetnr;0.53;b
260;2019-11-01 18:35:29;49.8966051;8.61317310537034;Weiterstadt ;Robert-Koch-Str.;1;2.29;b
170;2019-11-01 19:35:28;0.0;0.0;Handewitt ;Lecker Chausee;36;5.73;b
177;2019-11-01 20:35:28;0.0;0.0;Hirschberg ;Goldbeckstraße ;1;3.9;b
116;2019-11-01 21:35:28;52.492588299999994;13.573059299999999;Berlin ;Heerstraße;37;1.27;b
177;2019-11-01 21:35:28;0.0;0.0;Hirschberg ;Goldbeckstraße ;1;3.66;b
246;2019-11-01 21:35:29;48.6929656;9.198638;Stuttgart ;Flughafenstraße;70;5.82;b
264;2019-11-02 01:35:28;50.05681745;8.3393322556147;Wiesbaden ;Borsigstraße;1;3.98;b
171;2019-11-02 08:35:28;52.4212225;9.72739685;Hannover ;Industrieweg;30;3.3;b
209;2019-11-02 08:35:29;48.121357;11.663883;München ;Kreillerstraße;220;3.12;b
100;2019-11-02 09:35:28;50.792102899999996;6.1185974000000005;Aachen ;Prager Ring;106;1.97;b
155;2019-11-02 09:35:28;49.4802092;11.009525199999999;Fürth ;Hans-Vogel-Str. ;55;3.5;b
209;2019-11-02 09:35:29;48.121357;11.663883;München ;Kreillerstraße;220;2.56;b
216;2019-11-02 09:35:29;49.41055565;11.1462792788462;Nürnberg ;Gleiwitzer Straße;220;1.09;b
139;2019-11-02 10:35:28;51.43819415;6.738977183406051;Duisburg ;Am Schlütershof ;27;3.67;b
201;2019-11-02 10:35:29;52.211349799999994;11.6707176927227;Magdeburg ;Glindenberger Weg;3;3.33;b
241;2019-11-02 10:35:29;49.171025799999995;10.241408941685801;Schnelldorf ;Rudolf-Diesel-Str. ;1 ;2.97;b
139;2019-11-02 11:35:28;51.43819415;6.738977183406051;Duisburg ;Am Schlütershof ;27;3.7;b
246;2019-11-02 11:35:29;48.6929656;9.198638;Stuttgart ;Flughafenstraße;70;4.1;b
204;2019-11-02 12:35:28;0.0;0.0;Metzingen ;Auchterstraße;19;2.29;b
128;2019-11-02 13:35:28;53.0577831;8.9625129;Bremen ;Osterholzer Heerstraße;222;4.83;b
196;2019-11-02 13:35:28;50.380316799999996;8.0927724;Limburg ;Brüsseler Str.;14;4.13;b
216;2019-11-02 13:35:28;49.41055565;11.1462792788462;Nürnberg ;Gleiwitzer Straße;220;2.65;b
152;2019-11-02 14:35:28;50.9147956;6.8361793;Frechen ;Kölner Straße;209;2.22;b
264;2019-11-02 14:35:29;50.05681745;8.3393322556147;Wiesbaden ;Borsigstraße;1;2.52;b
209;2019-11-02 15:35:28;48.121357;11.663883;München ;Kreillerstraße;220;3.2;b
165;2019-11-02 16:35:28;53.59348620000001;10.058972800000001;Hamburg ;Bramfelder Chaussee;370;2.51;b
217;2019-11-02 16:35:28;50.106311;8.735605348517911;Offenbach ;Kaiserleipromenade;5;3.0;b
209;2019-11-02 17:35:28;48.121357;11.663883;München ;Kreillerstraße;220;3.21;b
225;2019-11-02 17:35:28;48.97288220000001;12.0647243;Pentling ;Ammerholz;3;2.31;b
152;2019-11-02 18:35:28;50.9147956;6.8361793;Frechen ;Kölner Straße;209;2.2;b
209;2019-11-02 18:35:28;48.121357;11.663883;München ;Kreillerstraße;220;2.92;b
184;2019-11-02 19:35:28;48.985688700000004;8.447428;Karlsruhe ;Erlachseeweg;10;1.94;b
170;2019-11-02 20:35:28;0.0;0.0;Handewitt ;Lecker Chausee;36;5.78;b
208;2019-11-02 20:35:28;0.0;0.0;München ;Erdinger Allee;2;5.46;b
209;2019-11-02 20:35:28;48.121357;11.663883;München ;Kreillerstraße;220;3.93;b
260;2019-11-02 20:35:29;49.8966051;8.61317310537034;Weiterstadt ;Robert-Koch-Str.;1;1.74;b
209;2019-11-02 21:35:28;48.121357;11.663883;München ;Kreillerstraße;220;2.44;b
117;2019-11-02 22:35:28;52.534278099999995;13.365230416526899;Berlin ;Heidestraße;19;1.06;b
128;2019-11-02 22:35:28;53.0577831;8.9625129;Bremen ;Osterholzer Heerstraße;222;2.38;b
225;2019-11-03 00:35:28;48.97288220000001;12.0647243;Pentling ;Ammerholz;3;3.34;b
177;2019-11-03 06:35:28;0.0;0.0;Hirschberg ;Goldbeckstraße ;1;1.15;b
177;2019-11-03 08:35:28;0.0;0.0;Hirschberg ;Goldbeckstraße ;1;3.1;b
138;2019-11-03 09:35:28;51.0365149;13.7486437;Dresden ;Wiener Strasse;39;3.73;b
167;2019-11-03 09:35:28;53.5469374;10.0041271;Hamburg ;Oberbaumbrücke;1;2.06;b
209;2019-11-03 09:35:28;48.121357;11.663883;München ;Kreillerstraße;220;3.73;b
171;2019-11-03 10:35:28;52.4212225;9.72739685;Hannover ;Industrieweg;30;4.17;b
176;2019-11-03 10:35:28;0.0;0.0;Herten;Marie-Curie-Str/Albert-Einstein-Allee;unknown streetnr;2.7;b
121;2019-11-03 11:35:28;52.478646700000006;13.3550598;Berlin ;Sachsendamm;90 - 92;3.97;b
170;2019-11-03 11:35:28;0.0;0.0;Handewitt ;Lecker Chausee;36;2.99;b
117;2019-11-03 12:35:28;52.534278099999995;13.365230416526899;Berlin ;Heidestraße;19;2.01;b
136;2019-11-03 12:35:28;48.407118700000005;10.951334920448302;Derching ;Winterbruckenweg			;53;2.96;b
241;2019-11-03 12:35:29;49.171025799999995;10.241408941685801;Schnelldorf ;Rudolf-Diesel-Str. ;1 ;3.12;b
100;2019-11-03 13:35:28;50.792102899999996;6.1185974000000005;Aachen ;Prager Ring;106;0.9;b
116;2019-11-03 13:35:28;52.492588299999994;13.573059299999999;Berlin ;Heerstraße;37;2.92;b
152;2019-11-03 13:35:28;50.9147956;6.8361793;Frechen ;Kölner Straße;209;3.3;b
196;2019-11-03 13:35:29;50.380316799999996;8.0927724;Limburg ;Brüsseler Str.;14;2.95;b
198;2019-11-03 13:35:29;0.0;0.0;Lohfelden / Kassel ;Alexander-von-Humbodt-Str.;1;4.61;b
167;2019-11-03 14:35:28;53.5469374;10.0041271;Hamburg ;Oberbaumbrücke;1;3.68;b
177;2019-11-03 14:35:28;0.0;0.0;Hirschberg ;Goldbeckstraße ;1;1.75;b
183;2019-11-03 14:35:28;51.572289700000006;7.692626700000001;Kamen ;Schattweg;6;6.09;b
264;2019-11-03 14:35:29;50.05681745;8.3393322556147;Wiesbaden ;Borsigstraße;1;4.48;b
116;2019-11-03 15:35:28;52.492588299999994;13.573059299999999;Berlin ;Heerstraße;37;3.76;b
136;2019-11-03 15:35:28;48.407118700000005;10.951334920448302;Derching ;Winterbruckenweg			;53;1.66;b
241;2019-11-03 15:35:29;49.171025799999995;10.241408941685801;Schnelldorf ;Rudolf-Diesel-Str. ;1 ;3.2;b
146;2019-11-03 16:35:28;51.503100700000005;7.0490885;Essen ;Katernberger Str.		;99;4.73;b
158;2019-11-03 16:35:28;49.7661512;10.4702085;Geiselwind ;Scheinfelder Straße;23;3.01;b
165;2019-11-03 16:35:28;53.59348620000001;10.058972800000001;Hamburg ;Bramfelder Chaussee;370;1.62;b
172;2019-11-03 16:35:28;52.2656391;7.9643412;Hasbergen ;Hauptstraße ;107;4.41;b
177;2019-11-03 16:35:28;0.0;0.0;Hirschberg ;Goldbeckstraße ;1;2.48;b
204;2019-11-03 16:35:28;0.0;0.0;Metzingen ;Auchterstraße;19;3.34;b
111;2019-11-03 17:35:28;49.2120935;9.0769819;Bad Rappenau ;Buchäckerring;40;4.63;b
136;2019-11-03 17:35:28;48.407118700000005;10.951334920448302;Derching ;Winterbruckenweg			;53;3.65;b
162;2019-11-03 17:35:28;53.44366379999999;11.2126734;Hagenow ;Sudenhofer Strasse	;2;3.28;b
170;2019-11-03 17:35:28;0.0;0.0;Handewitt ;Lecker Chausee;36;4.81;b
172;2019-11-03 17:35:28;52.2656391;7.9643412;Hasbergen ;Hauptstraße ;107;2.74;b
260;2019-11-03 17:35:29;49.8966051;8.61317310537034;Weiterstadt ;Robert-Koch-Str.;1;4.86;b
246;2019-11-03 18:35:28;48.6929656;9.198638;Stuttgart ;Flughafenstraße;70;1.78;b
159;2019-11-03 19:35:28;47.9171221;8.66796350932853;Geisingen ;Bodenseestraße;19;3.7;b
169;2019-11-03 19:35:28;53.573465799999994;9.9193304;Hamburg ;Schnackenburgallee;12;3.59;b
177;2019-11-03 19:35:28;0.0;0.0;Hirschberg ;Goldbeckstraße ;1;2.36;b
183;2019-11-03 19:35:28;51.572289700000006;7.692626700000001;Kamen ;Schattweg;6;1.6;b
246;2019-11-03 19:35:29;48.6929656;9.198638;Stuttgart ;Flughafenstraße;70;8.52;b
139;2019-11-03 20:35:28;51.43819415;6.738977183406051;Duisburg ;Am Schlütershof ;27;2.11;b
208;2019-11-03 20:35:28;0.0;0.0;München ;Erdinger Allee;2;3.05;b
209;2019-11-03 20:35:28;48.121357;11.663883;München ;Kreillerstraße;220;3.82;b
264;2019-11-03 22:35:28;50.05681745;8.3393322556147;Wiesbaden ;Borsigstraße;1;0.81;b
171;2019-11-04 00:35:28;52.4212225;9.72739685;Hannover ;Industrieweg;30;3.34;b
243;2019-11-04 05:35:28;0.0;0.0;Siegen;Obere Leimbach;unknown streetnr;3.85;b
180;2019-11-04 06:35:28;48.75283035;11.451633274883301;Ingolstadt ;Manchinger Straße;84;3.11;b
114;2019-11-04 07:35:28;50.37194885;11.7886343857023;Berg bei Hof ;Sieggrubenstraße ;5;3.29;b
116;2019-11-04 07:35:28;52.492588299999994;13.573059299999999;Berlin ;Heerstraße;37;1.89;b
169;2019-11-04 07:35:28;53.573465799999994;9.9193304;Hamburg ;Schnackenburgallee;12;2.57;b
136;2019-11-04 08:35:28;48.407118700000005;10.951334920448302;Derching ;Winterbruckenweg			;53;2.98;b
138;2019-11-04 08:35:28;51.0365149;13.7486437;Dresden ;Wiener Strasse;39;2.37;b
139;2019-11-04 08:35:28;51.43819415;6.738977183406051;Duisburg ;Am Schlütershof ;27;2.12;b
169;2019-11-04 08:35:28;53.573465799999994;9.9193304;Hamburg ;Schnackenburgallee;12;2.13;b
177;2019-11-04 08:35:29;0.0;0.0;Hirschberg ;Goldbeckstraße ;1;1.19;b
209;2019-11-04 08:35:29;48.121357;11.663883;München ;Kreillerstraße;220;1.62;b
264;2019-11-04 08:35:29;50.05681745;8.3393322556147;Wiesbaden ;Borsigstraße;1;3.7;b
100;2019-11-04 09:35:28;50.792102899999996;6.1185974000000005;Aachen ;Prager Ring;106;2.74;b
116;2019-11-04 09:35:28;52.492588299999994;13.573059299999999;Berlin ;Heerstraße;37;5.11;b
117;2019-11-04 09:35:28;52.534278099999995;13.365230416526899;Berlin ;Heidestraße;19;1.02;b
167;2019-11-04 09:35:28;53.5469374;10.0041271;Hamburg ;Oberbaumbrücke;1;2.9;b
195;2019-11-04 09:35:28;51.02462979999999;7.0058488;Leverkusen ;Karl-Krekeler-Str.;2;2.78;b
226;2019-11-04 09:35:29;48.92043355;8.72064329018156;Pforzheim ;Im Buchbusch;12;4.21;b
267;2019-11-04 09:35:29;51.30824565;7.252635374889129;Wuppertal ;Schmiedestr.;91;1.87;b
116;2019-11-04 10:35:28;52.492588299999994;13.573059299999999;Berlin ;Heerstraße;37;3.68;b
155;2019-11-04 10:35:28;49.4802092;11.009525199999999;Fürth ;Hans-Vogel-Str. ;55;2.55;b
163;2019-11-04 10:35:28;51.48959165;11.9412334061738;Halle / Saale;Blücherstraße;7;3.64;b
192;2019-11-04 10:35:28;0.0;0.0;Laatzen / Messe Hannover ;Karlsruher Str.;12;4.46;b
128;2019-11-04 11:35:28;53.0577831;8.9625129;Bremen ;Osterholzer Heerstraße;222;3.93;b
149;2019-11-04 11:35:28;50.1232501;8.74321703454232;Frankfurt ;Hanauer Landstr.;334;2.17;b
158;2019-11-04 11:35:28;49.7661512;10.4702085;Geiselwind ;Scheinfelder Straße;23;4.14;b
167;2019-11-04 11:35:28;53.5469374;10.0041271;Hamburg ;Oberbaumbrücke;1;2.25;b
176;2019-11-04 11:35:28;0.0;0.0;Herten;Marie-Curie-Str/Albert-Einstein-Allee;unknown streetnr;3.3;b
192;2019-11-04 11:35:28;0.0;0.0;Laatzen / Messe Hannover ;Karlsruher Str.;12;4.83;b
114;2019-11-04 12:35:28;50.37194885;11.7886343857023;Berg bei Hof ;Sieggrubenstraße ;5;2.12;b
147;2019-11-04 12:35:28;48.82230215;9.28537070224665;Fellbach ;Ohmstraße;25;0.87;b
243;2019-11-04 12:35:29;0.0;0.0;Siegen;Obere Leimbach;unknown streetnr;1.68;b
163;2019-11-04 13:35:28;51.48959165;11.9412334061738;Halle / Saale;Blücherstraße;7;1.84;b
196;2019-11-04 13:35:28;50.380316799999996;8.0927724;Limburg ;Brüsseler Str.;14;3.36;b
264;2019-11-04 13:35:29;50.05681745;8.3393322556147;Wiesbaden ;Borsigstraße;1;2.72;b
267;2019-11-04 13:35:29;51.30824565;7.252635374889129;Wuppertal ;Schmiedestr.;91;2.23;b
121;2019-11-04 14:35:28;52.478646700000006;13.3550598;Berlin ;Sachsendamm;90 - 92;1.36;b
128;2019-11-04 14:35:28;53.0577831;8.9625129;Bremen ;Osterholzer Heerstraße;222;3.81;b
171;2019-11-04 14:35:28;52.4212225;9.72739685;Hannover ;Industrieweg;30;2.06;b
194;2019-11-04 14:35:29;51.41340665;12.3077606180055;Leipzig ;Poststr. ;3 ;4.27;b
206;2019-11-04 14:35:29;51.43973535;6.95458679472378;Mülheim an der Ruhr ;Humboldtring;3;0.82;b
227;2019-11-04 14:35:29;52.38207825;13.0884129;Potsdam ;Horstweg ;53c;3.15;b
180;2019-11-04 15:35:28;48.75283035;11.451633274883301;Ingolstadt ;Manchinger Straße;84;3.29;b
189;2019-11-04 15:35:29;0.0;0.0;Köln/Bonn Flughafen ;Flughafen Köln/Bonn;unknown streetnr;3.51;b
195;2019-11-04 15:35:29;51.02462979999999;7.0058488;Leverkusen ;Karl-Krekeler-Str.;2;1.15;b
204;2019-11-04 15:35:29;0.0;0.0;Metzingen ;Auchterstraße;19;2.97;b
227;2019-11-04 15:35:29;52.38207825;13.0884129;Potsdam ;Horstweg ;53c;0.61;b
117;2019-11-04 16:35:28;52.534278099999995;13.365230416526899;Berlin ;Heidestraße;19;2.42;b
121;2019-11-04 16:35:28;52.478646700000006;13.3550598;Berlin ;Sachsendamm;90 - 92;2.9;b
183;2019-11-04 16:35:28;51.572289700000006;7.692626700000001;Kamen ;Schattweg;6;2.91;b
189;2019-11-04 16:35:29;0.0;0.0;Köln/Bonn Flughafen ;Flughafen Köln/Bonn;unknown streetnr;3.44;b
194;2019-11-04 16:35:29;51.41340665;12.3077606180055;Leipzig ;Poststr. ;3 ;3.18;b
209;2019-11-04 16:35:29;48.121357;11.663883;München ;Kreillerstraße;220;0.52;b
111;2019-11-04 17:35:28;49.2120935;9.0769819;Bad Rappenau ;Buchäckerring;40;3.93;b
114;2019-11-04 17:35:28;50.37194885;11.7886343857023;Berg bei Hof ;Sieggrubenstraße ;5;1.16;b
116;2019-11-04 17:35:28;52.492588299999994;13.573059299999999;Berlin ;Heerstraße;37;0.66;b
147;2019-11-04 17:35:28;48.82230215;9.28537070224665;Fellbach ;Ohmstraße;25;0.6;b
152;2019-11-04 17:35:28;50.9147956;6.8361793;Frechen ;Kölner Straße;209;4.92;b
155;2019-11-04 17:35:28;49.4802092;11.009525199999999;Fürth ;Hans-Vogel-Str. ;55;1.32;b
176;2019-11-04 17:35:28;0.0;0.0;Herten;Marie-Curie-Str/Albert-Einstein-Allee;unknown streetnr;3.64;b
192;2019-11-04 17:35:28;0.0;0.0;Laatzen / Messe Hannover ;Karlsruher Str.;12;4.56;b
198;2019-11-04 17:35:29;0.0;0.0;Lohfelden / Kassel ;Alexander-von-Humbodt-Str.;1;3.65;b
209;2019-11-04 17:35:29;48.121357;11.663883;München ;Kreillerstraße;220;3.46;b
117;2019-11-04 18:35:28;52.534278099999995;13.365230416526899;Berlin ;Heidestraße;19;1.58;b
176;2019-11-04 18:35:28;0.0;0.0;Herten;Marie-Curie-Str/Albert-Einstein-Allee;unknown streetnr;3.56;b
183;2019-11-04 18:35:28;51.572289700000006;7.692626700000001;Kamen ;Schattweg;6;4.16;b
206;2019-11-04 18:35:29;51.43973535;6.95458679472378;Mülheim an der Ruhr ;Humboldtring;3;2.75;b
208;2019-11-04 18:35:29;0.0;0.0;München ;Erdinger Allee;2;2.75;b
264;2019-11-04 18:35:29;50.05681745;8.3393322556147;Wiesbaden ;Borsigstraße;1;4.18;b
136;2019-11-04 19:35:28;48.407118700000005;10.951334920448302;Derching ;Winterbruckenweg			;53;2.52;b
194;2019-11-04 19:35:28;51.41340665;12.3077606180055;Leipzig ;Poststr. ;3 ;2.23;b
206;2019-11-04 19:35:28;51.43973535;6.95458679472378;Mülheim an der Ruhr ;Humboldtring;3;3.99;b
111;2019-11-04 20:35:28;49.2120935;9.0769819;Bad Rappenau ;Buchäckerring;40;4.74;b
246;2019-11-04 20:35:29;48.6929656;9.198638;Stuttgart ;Flughafenstraße;70;14.42;b
155;2019-11-04 21:01:28;49.4802092;11.009525199999999;Fürth ;Hans-Vogel-Str. ;55;1.31;b
117;2019-11-04 21:35:28;52.534278099999995;13.365230416526899;Berlin ;Heidestraße;19;0.96;b
121;2019-11-04 21:35:28;52.478646700000006;13.3550598;Berlin ;Sachsendamm;90 - 92;6.49;b
169;2019-11-04 21:35:28;53.573465799999994;9.9193304;Hamburg ;Schnackenburgallee;12;3.22;b
207;2019-11-05 00:00:00;48.19235505;11.5646409845771;München ;Detmoldstraße;1;0.0;u
140;2019-11-05 00:00:00;51.222435600000004;6.8203181;Düsseldorf ;Höherweg;202;0.0;u
141;2019-11-05 00:00:00;51.1893182;6.8481428;Düsseldorf ;Oerschbachstraße;71;0.0;u
150;2019-11-05 00:00:00;0.0;0.0;Frankfurt ;Industriepark Höchst Tor-Süd;unknown streetnr;0.0;u
153;2019-11-05 00:00:00;0.0;0.0;Freiburg Fraunhofer ISE Station;Heidenhofstraße;3;0.0;u
154;2019-11-05 00:00:00;0.0;0.0;Fürholzen West ;BAB9 / Günzenhauser Straße ;9;0.0;u
213;2019-11-05 00:00:00;51.8925152;7.5841728;Münster ;Kopenhagener Straße;19;0.0;u
121;2019-11-05 06:35:28;52.478646700000006;13.3550598;Berlin ;Sachsendamm;90 - 92;2.77;b
128;2019-11-05 06:35:28;53.0577831;8.9625129;Bremen ;Osterholzer Heerstraße;222;4.18;b
111;2019-11-05 07:35:28;49.2120935;9.0769819;Bad Rappenau ;Buchäckerring;40;2.09;b
114;2019-11-05 07:35:28;50.37194885;11.7886343857023;Berg bei Hof ;Sieggrubenstraße ;5;1.35;b
121;2019-11-05 07:35:28;52.478646700000006;13.3550598;Berlin ;Sachsendamm;90 - 92;3.99;b
184;2019-11-05 07:35:28;48.985688700000004;8.447428;Karlsruhe ;Erlachseeweg;10;0.91;b
114;2019-11-05 08:35:28;50.37194885;11.7886343857023;Berg bei Hof ;Sieggrubenstraße ;5;3.06;b
117;2019-11-05 08:35:28;52.534278099999995;13.365230416526899;Berlin ;Heidestraße;19;2.22;b
128;2019-11-05 08:35:28;53.0577831;8.9625129;Bremen ;Osterholzer Heerstraße;222;1.9;b
152;2019-11-05 08:35:28;50.9147956;6.8361793;Frechen ;Kölner Straße;209;0.81;b
176;2019-11-05 08:35:28;0.0;0.0;Herten;Marie-Curie-Str/Albert-Einstein-Allee;unknown streetnr;1.74;b
196;2019-11-05 08:35:29;50.380316799999996;8.0927724;Limburg ;Brüsseler Str.;14;2.3;b
111;2019-11-05 09:35:28;49.2120935;9.0769819;Bad Rappenau ;Buchäckerring;40;4.07;b
117;2019-11-05 09:35:28;52.534278099999995;13.365230416526899;Berlin ;Heidestraße;19;0.85;b
136;2019-11-05 09:35:28;48.407118700000005;10.951334920448302;Derching ;Winterbruckenweg			;53;3.17;b
149;2019-11-05 09:35:28;50.1232501;8.74321703454232;Frankfurt ;Hanauer Landstr.;334;4.75;b
163;2019-11-05 09:35:28;51.48959165;11.9412334061738;Halle / Saale;Blücherstraße;7;3.82;b
167;2019-11-05 09:35:28;53.5469374;10.0041271;Hamburg ;Oberbaumbrücke;1;3.22;b
177;2019-11-05 09:35:29;0.0;0.0;Hirschberg ;Goldbeckstraße ;1;3.9;b
225;2019-11-05 09:35:29;48.97288220000001;12.0647243;Pentling ;Ammerholz;3;2.9;b
243;2019-11-05 09:35:29;0.0;0.0;Siegen;Obere Leimbach;unknown streetnr;2.92;b
128;2019-11-05 10:35:28;53.0577831;8.9625129;Bremen ;Osterholzer Heerstraße;222;4.46;b
146;2019-11-05 10:35:28;51.503100700000005;7.0490885;Essen ;Katernberger Str.		;99;3.69;b
163;2019-11-05 10:35:28;51.48959165;11.9412334061738;Halle / Saale;Blücherstraße;7;4.22;b
167;2019-11-05 10:35:28;53.5469374;10.0041271;Hamburg ;Oberbaumbrücke;1;1.99;b
169;2019-11-05 10:35:28;53.573465799999994;9.9193304;Hamburg ;Schnackenburgallee;12;2.19;b
194;2019-11-05 10:35:29;51.41340665;12.3077606180055;Leipzig ;Poststr. ;3 ;4.26;b
100;2019-11-05 11:35:28;50.792102899999996;6.1185974000000005;Aachen ;Prager Ring;106;2.59;b
118;2019-11-05 11:35:28;52.5114331;13.4288729;Berlin ;Holzmarktstraße;36 - 42;2.66;b
121;2019-11-05 11:35:28;52.478646700000006;13.3550598;Berlin ;Sachsendamm;90 - 92;4.8;b
128;2019-11-05 11:35:28;53.0577831;8.9625129;Bremen ;Osterholzer Heerstraße;222;4.2;b
176;2019-11-05 11:35:28;0.0;0.0;Herten;Marie-Curie-Str/Albert-Einstein-Allee;unknown streetnr;2.72;b
246;2019-11-05 11:35:29;48.6929656;9.198638;Stuttgart ;Flughafenstraße;70;3.85;b
264;2019-11-05 11:35:29;50.05681745;8.3393322556147;Wiesbaden ;Borsigstraße;1;3.37;b
114;2019-11-05 12:35:28;50.37194885;11.7886343857023;Berg bei Hof ;Sieggrubenstraße ;5;3.48;b
118;2019-11-05 12:35:28;52.5114331;13.4288729;Berlin ;Holzmarktstraße;36 - 42;2.86;b
121;2019-11-05 12:35:28;52.478646700000006;13.3550598;Berlin ;Sachsendamm;90 - 92;3.82;b
128;2019-11-05 12:35:28;53.0577831;8.9625129;Bremen ;Osterholzer Heerstraße;222;4.29;b
149;2019-11-05 12:35:28;50.1232501;8.74321703454232;Frankfurt ;Hanauer Landstr.;334;4.06;b
183;2019-11-05 12:35:28;51.572289700000006;7.692626700000001;Kamen ;Schattweg;6;2.9;b
211;2019-11-05 12:35:29;48.164955799999994;11.4673026;München ;Verdistraße;96;3.99;b
227;2019-11-05 12:35:29;52.38207825;13.0884129;Potsdam ;Horstweg ;53c;1.18;b
236;2019-11-05 12:35:29;54.0805767;12.1890671;Rostock ;Tessiner Str.;98;1.3;b
118;2019-11-05 13:35:28;52.5114331;13.4288729;Berlin ;Holzmarktstraße;36 - 42;2.41;b
128;2019-11-05 13:35:28;53.0577831;8.9625129;Bremen ;Osterholzer Heerstraße;222;3.44;b
152;2019-11-05 13:35:28;50.9147956;6.8361793;Frechen ;Kölner Straße;209;3.78;b
159;2019-11-05 13:35:28;47.9171221;8.66796350932853;Geisingen ;Bodenseestraße;19;4.87;b
246;2019-11-05 13:35:29;48.6929656;9.198638;Stuttgart ;Flughafenstraße;70;11.45;b
260;2019-11-05 13:35:29;49.8966051;8.61317310537034;Weiterstadt ;Robert-Koch-Str.;1;2.15;b
128;2019-11-05 14:35:33;53.0577831;8.9625129;Bremen ;Osterholzer Heerstraße;222;4.25;b
167;2019-11-05 14:35:33;53.5469374;10.0041271;Hamburg ;Oberbaumbrücke;1;1.79;b
177;2019-11-05 14:35:33;0.0;0.0;Hirschberg ;Goldbeckstraße ;1;2.21;b
194;2019-11-05 14:35:34;51.41340665;12.3077606180055;Leipzig ;Poststr. ;3 ;1.62;b
246;2019-11-05 14:35:34;48.6929656;9.198638;Stuttgart ;Flughafenstraße;70;3.55;b
111;2019-11-05 15:35:28;49.2120935;9.0769819;Bad Rappenau ;Buchäckerring;40;3.59;b
114;2019-11-05 15:35:28;50.37194885;11.7886343857023;Berg bei Hof ;Sieggrubenstraße ;5;3.96;b
155;2019-11-05 15:35:28;49.4802092;11.009525199999999;Fürth ;Hans-Vogel-Str. ;55;1.11;b
167;2019-11-05 15:35:28;53.5469374;10.0041271;Hamburg ;Oberbaumbrücke;1;3.18;b
177;2019-11-05 15:35:28;0.0;0.0;Hirschberg ;Goldbeckstraße ;1;3.25;b
189;2019-11-05 15:35:28;0.0;0.0;Köln/Bonn Flughafen ;Flughafen Köln/Bonn;unknown streetnr;1.42;b
194;2019-11-05 15:35:28;51.41340665;12.3077606180055;Leipzig ;Poststr. ;3 ;1.51;b
111;2019-11-05 16:35:28;49.2120935;9.0769819;Bad Rappenau ;Buchäckerring;40;1.9;b
117;2019-11-05 16:35:28;52.534278099999995;13.365230416526899;Berlin ;Heidestraße;19;2.47;b
147;2019-11-05 16:35:28;48.82230215;9.28537070224665;Fellbach ;Ohmstraße;25;2.08;b
194;2019-11-05 16:35:28;51.41340665;12.3077606180055;Leipzig ;Poststr. ;3 ;2.61;b
211;2019-11-05 16:35:28;48.164955799999994;11.4673026;München ;Verdistraße;96;3.26;b
243;2019-11-05 16:35:29;0.0;0.0;Siegen;Obere Leimbach;unknown streetnr;2.75;b
260;2019-11-05 16:35:29;49.8966051;8.61317310537034;Weiterstadt ;Robert-Koch-Str.;1;2.44;b
100;2019-11-05 17:37:28;50.792102899999996;6.1185974000000005;Aachen ;Prager Ring;106;0.86;b
111;2019-11-05 17:37:28;49.2120935;9.0769819;Bad Rappenau ;Buchäckerring;40;1.05;b
138;2019-11-05 17:37:28;51.0365149;13.7486437;Dresden ;Wiener Strasse;39;2.77;b
236;2019-11-05 17:37:29;54.0805767;12.1890671;Rostock ;Tessiner Str.;98;2.88;b
167;2019-11-05 18:37:28;53.5469374;10.0041271;Hamburg ;Oberbaumbrücke;1;1.34;b
169;2019-11-05 18:37:28;53.573465799999994;9.9193304;Hamburg ;Schnackenburgallee;12;4.58;b
176;2019-11-05 18:37:28;0.0;0.0;Herten;Marie-Curie-Str/Albert-Einstein-Allee;unknown streetnr;2.91;b
201;2019-11-05 18:37:28;52.211349799999994;11.6707176927227;Magdeburg ;Glindenberger Weg;3;2.86;b
211;2019-11-05 18:37:29;48.164955799999994;11.4673026;München ;Verdistraße;96;4.45;b
100;2019-11-05 19:35:28;50.792102899999996;6.1185974000000005;Aachen ;Prager Ring;106;1.82;b
163;2019-11-05 19:35:28;51.48959165;11.9412334061738;Halle / Saale;Blücherstraße;7;2.54;b
167;2019-11-05 19:35:28;53.5469374;10.0041271;Hamburg ;Oberbaumbrücke;1;0.85;b
206;2019-11-05 19:35:29;51.43973535;6.95458679472378;Mülheim an der Ruhr ;Humboldtring;3;2.14;b
264;2019-11-05 19:35:29;50.05681745;8.3393322556147;Wiesbaden ;Borsigstraße;1;3.65;b
267;2019-11-05 19:35:29;51.30824565;7.252635374889129;Wuppertal ;Schmiedestr.;91;4.89;b
100;2019-11-05 20:35:28;50.792102899999996;6.1185974000000005;Aachen ;Prager Ring;106;1.28;b
163;2019-11-05 20:35:28;51.48959165;11.9412334061738;Halle / Saale;Blücherstraße;7;2.45;b
167;2019-11-05 20:35:28;53.5469374;10.0041271;Hamburg ;Oberbaumbrücke;1;2.88;b
189;2019-11-05 20:35:28;0.0;0.0;Köln/Bonn Flughafen ;Flughafen Köln/Bonn;unknown streetnr;1.09;b
196;2019-11-05 20:35:28;50.380316799999996;8.0927724;Limburg ;Brüsseler Str.;14;3.76;b
246;2019-11-05 20:35:29;48.6929656;9.198638;Stuttgart ;Flughafenstraße;70;11.94;b
210;2019-11-05 21:01:28;48.102680299999996;11.625419500000001;München ;Ottobrunner Str. ;116;1.24;b
208;2019-11-05 21:35:28;0.0;0.0;München ;Erdinger Allee;2;3.82;b
195;2019-11-05 22:35:28;51.02462979999999;7.0058488;Leverkusen ;Karl-Krekeler-Str.;2;3.02;b
117;2019-11-06 02:35:28;52.534278099999995;13.365230416526899;Berlin ;Heidestraße;19;1.21;b
121;2019-11-06 08:48:49;52.478646700000006;13.3550598;Berlin ;Sachsendamm;90 - 92;4.51;b
136;2019-11-06 08:48:50;48.407118700000005;10.951334920448302;Derching ;Winterbruckenweg			;53;3.06;b
165;2019-11-06 08:48:50;53.59348620000001;10.058972800000001;Hamburg ;Bramfelder Chaussee;370;1.26;b
169;2019-11-06 08:48:50;53.573465799999994;9.9193304;Hamburg ;Schnackenburgallee;12;3.44;b
171;2019-11-06 08:48:50;52.4212225;9.72739685;Hannover ;Industrieweg;30;2.6;b
183;2019-11-06 08:48:50;51.572289700000006;7.692626700000001;Kamen ;Schattweg;6;4.05;b
184;2019-11-06 08:48:50;48.985688700000004;8.447428;Karlsruhe ;Erlachseeweg;10;2.58;b
211;2019-11-06 08:48:50;48.164955799999994;11.4673026;München ;Verdistraße;96;4.25;b
227;2019-11-06 08:48:50;52.38207825;13.0884129;Potsdam ;Horstweg ;53c;3.84;b
260;2019-11-06 08:48:50;49.8966051;8.61317310537034;Weiterstadt ;Robert-Koch-Str.;1;2.2;b
117;2019-11-06 09:36:51;52.534278099999995;13.365230416526899;Berlin ;Heidestraße;19;1.85;b
152;2019-11-06 09:36:51;50.9147956;6.8361793;Frechen ;Kölner Straße;209;2.42;b
170;2019-11-06 09:36:51;0.0;0.0;Handewitt ;Lecker Chausee;36;3.7;b
172;2019-11-06 09:36:51;52.2656391;7.9643412;Hasbergen ;Hauptstraße ;107;3.37;b
147;2019-11-06 10:36:51;48.82230215;9.28537070224665;Fellbach ;Ohmstraße;25;2.47;b
183;2019-11-06 10:36:51;51.572289700000006;7.692626700000001;Kamen ;Schattweg;6;4.48;b
189;2019-11-06 10:36:51;0.0;0.0;Köln/Bonn Flughafen ;Flughafen Köln/Bonn;unknown streetnr;3.78;b
206;2019-11-06 10:36:51;51.43973535;6.95458679472378;Mülheim an der Ruhr ;Humboldtring;3;2.42;b
225;2019-11-06 10:36:51;48.97288220000001;12.0647243;Pentling ;Ammerholz;3;2.84;b
100;2019-11-06 11:36:51;50.792102899999996;6.1185974000000005;Aachen ;Prager Ring;106;2.24;b
232;2019-11-06 11:36:51;51.849093200000006;8.32326831083794;Rheda;Bielefelder Str.;145;3.77;b
139;2019-11-06 12:36:51;51.43819415;6.738977183406051;Duisburg ;Am Schlütershof ;27;1.74;b
211;2019-11-06 12:36:51;48.164955799999994;11.4673026;München ;Verdistraße;96;3.54;b
232;2019-11-06 12:36:51;51.849093200000006;8.32326831083794;Rheda;Bielefelder Str.;145;4.75;b
236;2019-11-06 12:36:51;54.0805767;12.1890671;Rostock ;Tessiner Str.;98;3.65;b
118;2019-11-06 13:36:51;52.5114331;13.4288729;Berlin ;Holzmarktstraße;36 - 42;3.27;b
128;2019-11-06 13:36:51;53.0577831;8.9625129;Bremen ;Osterholzer Heerstraße;222;4.34;b
138;2019-11-06 13:36:51;51.0365149;13.7486437;Dresden ;Wiener Strasse;39;2.46;b
165;2019-11-06 13:36:51;53.59348620000001;10.058972800000001;Hamburg ;Bramfelder Chaussee;370;2.34;b
171;2019-11-06 13:36:51;52.4212225;9.72739685;Hannover ;Industrieweg;30;2.18;b
184;2019-11-06 13:36:51;48.985688700000004;8.447428;Karlsruhe ;Erlachseeweg;10;3.02;b
246;2019-11-06 13:36:51;48.6929656;9.198638;Stuttgart ;Flughafenstraße;70;11.83;b
112;2019-11-06 14:36:51;49.96278135;11.6107850192525;Bayreuth ;Christian-Ritter-von-Langheinrich;2;2.65;b
116;2019-11-06 14:36:51;52.492588299999994;13.573059299999999;Berlin ;Heerstraße;37;2.63;b
170;2019-11-06 14:36:51;0.0;0.0;Handewitt ;Lecker Chausee;36;5.12;b
177;2019-11-06 14:36:51;0.0;0.0;Hirschberg ;Goldbeckstraße ;1;1.87;b
189;2019-11-06 14:36:51;0.0;0.0;Köln/Bonn Flughafen ;Flughafen Köln/Bonn;unknown streetnr;4.02;b
201;2019-11-06 14:36:51;52.211349799999994;11.6707176927227;Magdeburg ;Glindenberger Weg;3;2.82;b
243;2019-11-06 14:36:51;0.0;0.0;Siegen;Obere Leimbach;unknown streetnr;2.74;b
244;2019-11-06 14:36:51;48.703218400000004;9.004857800000002;Sindelfingen ;Neckarstraße;10;3.76;b
260;2019-11-06 14:36:51;49.8966051;8.61317310537034;Weiterstadt ;Robert-Koch-Str.;1;3.22;b
159;2019-11-06 15:36:51;47.9171221;8.66796350932853;Geisingen ;Bodenseestraße;19;2.9;b
176;2019-11-06 15:36:51;0.0;0.0;Herten;Marie-Curie-Str/Albert-Einstein-Allee;unknown streetnr;1.09;b
194;2019-11-06 15:36:51;51.41340665;12.3077606180055;Leipzig ;Poststr. ;3 ;1.93;b
211;2019-11-06 15:36:51;48.164955799999994;11.4673026;München ;Verdistraße;96;3.47;b
117;2019-11-06 16:36:51;52.534278099999995;13.365230416526899;Berlin ;Heidestraße;19;1.94;b
128;2019-11-06 16:36:51;53.0577831;8.9625129;Bremen ;Osterholzer Heerstraße;222;4.61;b
169;2019-11-06 16:36:51;53.573465799999994;9.9193304;Hamburg ;Schnackenburgallee;12;4.23;b
171;2019-11-06 16:36:51;52.4212225;9.72739685;Hannover ;Industrieweg;30;2.78;b
176;2019-11-06 16:36:51;0.0;0.0;Herten;Marie-Curie-Str/Albert-Einstein-Allee;unknown streetnr;1.72;b
246;2019-11-06 16:36:51;48.6929656;9.198638;Stuttgart ;Flughafenstraße;70;1.54;b
267;2019-11-06 16:36:52;51.30824565;7.252635374889129;Wuppertal ;Schmiedestr.;91;1.26;b
147;2019-11-06 17:36:51;48.82230215;9.28537070224665;Fellbach ;Ohmstraße;25;1.99;b
171;2019-11-06 17:36:51;52.4212225;9.72739685;Hannover ;Industrieweg;30;3.96;b
187;2019-11-06 17:36:51;50.34663870000001;7.5070666;Koblenz ;Am Rübenacher Wald;2;3.21;b
206;2019-11-06 17:36:51;51.43973535;6.95458679472378;Mülheim an der Ruhr ;Humboldtring;3;3.04;b
209;2019-11-06 17:36:51;48.121357;11.663883;München ;Kreillerstraße;220;3.36;b
211;2019-11-06 17:36:51;48.164955799999994;11.4673026;München ;Verdistraße;96;5.53;b
241;2019-11-06 17:36:52;49.171025799999995;10.241408941685801;Schnelldorf ;Rudolf-Diesel-Str. ;1 ;2.55;b
261;2019-11-06 17:36:52;48.6743797;9.371716099999999;Wendlingen ;Heinrich-Otto-Str.;2;3.8;b
128;2019-11-06 18:36:51;53.0577831;8.9625129;Bremen ;Osterholzer Heerstraße;222;3.1;b
159;2019-11-06 18:36:51;47.9171221;8.66796350932853;Geisingen ;Bodenseestraße;19;3.58;b
189;2019-11-06 18:36:51;0.0;0.0;Köln/Bonn Flughafen ;Flughafen Köln/Bonn;unknown streetnr;2.89;b
206;2019-11-06 18:36:51;51.43973535;6.95458679472378;Mülheim an der Ruhr ;Humboldtring;3;1.41;b
260;2019-11-06 18:36:51;49.8966051;8.61317310537034;Weiterstadt ;Robert-Koch-Str.;1;3.65;b
177;2019-11-06 19:36:51;0.0;0.0;Hirschberg ;Goldbeckstraße ;1;3.74;b
159;2019-11-06 20:36:51;47.9171221;8.66796350932853;Geisingen ;Bodenseestraße;19;3.73;b
209;2019-11-06 20:36:51;48.121357;11.663883;München ;Kreillerstraße;220;3.76;b
211;2019-11-06 20:36:51;48.164955799999994;11.4673026;München ;Verdistraße;96;3.32;b
116;2019-11-06 21:36:51;52.492588299999994;13.573059299999999;Berlin ;Heerstraße;37;1.0;b
121;2019-11-06 21:36:51;52.478646700000006;13.3550598;Berlin ;Sachsendamm;90 - 92;2.09;b
209;2019-11-06 21:36:51;48.121357;11.663883;München ;Kreillerstraße;220;2.73;b
264;2019-11-06 21:36:51;50.05681745;8.3393322556147;Wiesbaden ;Borsigstraße;1;1.95;b
244;2019-11-06 22:36:51;48.703218400000004;9.004857800000002;Sindelfingen ;Neckarstraße;10;3.79;b
100;2019-11-06 23:36:51;50.792102899999996;6.1185974000000005;Aachen ;Prager Ring;106;1.36;b
117;2019-11-06 23:36:51;52.534278099999995;13.365230416526899;Berlin ;Heidestraße;19;1.23;b
211;2019-11-06 23:36:51;48.164955799999994;11.4673026;München ;Verdistraße;96;4.56;b
246;2019-11-06 23:36:51;48.6929656;9.198638;Stuttgart ;Flughafenstraße;70;14.03;b
117;2019-11-07 05:36:51;52.534278099999995;13.365230416526899;Berlin ;Heidestraße;19;0.94;b
147;2019-11-07 06:36:51;48.82230215;9.28537070224665;Fellbach ;Ohmstraße;25;2.03;b
165;2019-11-07 07:36:51;53.59348620000001;10.058972800000001;Hamburg ;Bramfelder Chaussee;370;1.93;b
167;2019-11-07 07:36:51;53.5469374;10.0041271;Hamburg ;Oberbaumbrücke;1;2.0;b
176;2019-11-07 07:36:51;0.0;0.0;Herten;Marie-Curie-Str/Albert-Einstein-Allee;unknown streetnr;2.4;b
180;2019-11-07 07:36:51;48.75283035;11.451633274883301;Ingolstadt ;Manchinger Straße;84;3.61;b
201;2019-11-07 07:36:51;52.211349799999994;11.6707176927227;Magdeburg ;Glindenberger Weg;3;3.02;b
236;2019-11-07 07:36:51;54.0805767;12.1890671;Rostock ;Tessiner Str.;98;1.01;b
116;2019-11-07 08:36:51;52.492588299999994;13.573059299999999;Berlin ;Heerstraße;37;2.08;b
121;2019-11-07 08:36:51;52.478646700000006;13.3550598;Berlin ;Sachsendamm;90 - 92;3.28;b
165;2019-11-07 08:36:51;53.59348620000001;10.058972800000001;Hamburg ;Bramfelder Chaussee;370;3.72;b
176;2019-11-07 08:36:51;0.0;0.0;Herten;Marie-Curie-Str/Albert-Einstein-Allee;unknown streetnr;3.7;b
241;2019-11-07 08:36:52;49.171025799999995;10.241408941685801;Schnelldorf ;Rudolf-Diesel-Str. ;1 ;2.65;b
171;2019-11-07 09:36:51;52.4212225;9.72739685;Hannover ;Industrieweg;30;2.07;b
192;2019-11-07 09:36:51;0.0;0.0;Laatzen / Messe Hannover ;Karlsruher Str.;12;2.99;b
211;2019-11-07 09:36:51;48.164955799999994;11.4673026;München ;Verdistraße;96;2.92;b
217;2019-11-07 09:36:51;50.106311;8.735605348517911;Offenbach ;Kaiserleipromenade;5;3.37;b
232;2019-11-07 09:36:51;51.849093200000006;8.32326831083794;Rheda;Bielefelder Str.;145;5.9;b
267;2019-11-07 09:36:51;51.30824565;7.252635374889129;Wuppertal ;Schmiedestr.;91;2.29;b
128;2019-11-07 10:36:51;53.0577831;8.9625129;Bremen ;Osterholzer Heerstraße;222;3.75;b
152;2019-11-07 10:36:51;50.9147956;6.8361793;Frechen ;Kölner Straße;209;2.97;b
260;2019-11-07 10:36:51;49.8966051;8.61317310537034;Weiterstadt ;Robert-Koch-Str.;1;2.44;b
183;2019-11-07 11:36:51;51.572289700000006;7.692626700000001;Kamen ;Schattweg;6;1.73;b
194;2019-11-07 11:36:51;51.41340665;12.3077606180055;Leipzig ;Poststr. ;3 ;2.53;b
195;2019-11-07 11:36:51;51.02462979999999;7.0058488;Leverkusen ;Karl-Krekeler-Str.;2;4.8;b
236;2019-11-07 11:36:51;54.0805767;12.1890671;Rostock ;Tessiner Str.;98;4.66;b
100;2019-11-07 12:36:51;50.792102899999996;6.1185974000000005;Aachen ;Prager Ring;106;2.63;b
121;2019-11-07 12:36:51;52.478646700000006;13.3550598;Berlin ;Sachsendamm;90 - 92;2.71;b
152;2019-11-07 12:36:51;50.9147956;6.8361793;Frechen ;Kölner Straße;209;4.86;b
155;2019-11-07 12:36:51;49.4802092;11.009525199999999;Fürth ;Hans-Vogel-Str. ;55;0.57;b
183;2019-11-07 12:36:51;51.572289700000006;7.692626700000001;Kamen ;Schattweg;6;4.17;b
194;2019-11-07 12:36:51;51.41340665;12.3077606180055;Leipzig ;Poststr. ;3 ;1.76;b
211;2019-11-07 12:36:51;48.164955799999994;11.4673026;München ;Verdistraße;96;2.41;b
250;2019-11-07 12:36:52;48.4256658;9.959754499999999;Ulm ;Helmholtzstraße;8;2.45;b
128;2019-11-07 13:36:51;53.0577831;8.9625129;Bremen ;Osterholzer Heerstraße;222;2.14;b
138;2019-11-07 13:36:51;51.0365149;13.7486437;Dresden ;Wiener Strasse;39;2.67;b
147;2019-11-07 13:36:51;48.82230215;9.28537070224665;Fellbach ;Ohmstraße;25;1.96;b
176;2019-11-07 13:36:51;0.0;0.0;Herten;Marie-Curie-Str/Albert-Einstein-Allee;unknown streetnr;2.27;b
184;2019-11-07 13:36:51;48.985688700000004;8.447428;Karlsruhe ;Erlachseeweg;10;2.3;b
195;2019-11-07 13:36:51;51.02462979999999;7.0058488;Leverkusen ;Karl-Krekeler-Str.;2;2.45;b
217;2019-11-07 13:36:51;50.106311;8.735605348517911;Offenbach ;Kaiserleipromenade;5;0.8;b
246;2019-11-07 13:36:52;48.6929656;9.198638;Stuttgart ;Flughafenstraße;70;10.45;b
118;2019-11-07 14:36:51;52.5114331;13.4288729;Berlin ;Holzmarktstraße;36 - 42;2.68;b
128;2019-11-07 14:36:51;53.0577831;8.9625129;Bremen ;Osterholzer Heerstraße;222;4.26;b
152;2019-11-07 14:36:51;50.9147956;6.8361793;Frechen ;Kölner Straße;209;3.57;b
167;2019-11-07 14:36:51;53.5469374;10.0041271;Hamburg ;Oberbaumbrücke;1;2.56;b
169;2019-11-07 14:36:51;53.573465799999994;9.9193304;Hamburg ;Schnackenburgallee;12;3.91;b
209;2019-11-07 14:36:51;48.121357;11.663883;München ;Kreillerstraße;220;2.87;b
246;2019-11-07 14:36:51;48.6929656;9.198638;Stuttgart ;Flughafenstraße;70;5.46;b
261;2019-11-07 14:36:51;48.6743797;9.371716099999999;Wendlingen ;Heinrich-Otto-Str.;2;3.83;b
264;2019-11-07 14:36:52;50.05681745;8.3393322556147;Wiesbaden ;Borsigstraße;1;1.28;b
136;2019-11-07 15:36:51;48.407118700000005;10.951334920448302;Derching ;Winterbruckenweg			;53;2.72;b
167;2019-11-07 15:36:51;53.5469374;10.0041271;Hamburg ;Oberbaumbrücke;1;1.73;b
216;2019-11-07 15:36:51;49.41055565;11.1462792788462;Nürnberg ;Gleiwitzer Straße;220;3.16;b
128;2019-11-07 16:36:51;53.0577831;8.9625129;Bremen ;Osterholzer Heerstraße;222;4.21;b
139;2019-11-07 16:36:51;51.43819415;6.738977183406051;Duisburg ;Am Schlütershof ;27;2.17;b
163;2019-11-07 16:36:51;51.48959165;11.9412334061738;Halle / Saale;Blücherstraße;7;3.26;b
167;2019-11-07 16:36:51;53.5469374;10.0041271;Hamburg ;Oberbaumbrücke;1;3.49;b
183;2019-11-07 16:36:51;51.572289700000006;7.692626700000001;Kamen ;Schattweg;6;2.91;b
241;2019-11-07 16:36:51;49.171025799999995;10.241408941685801;Schnelldorf ;Rudolf-Diesel-Str. ;1 ;3.47;b
250;2019-11-07 16:36:51;48.4256658;9.959754499999999;Ulm ;Helmholtzstraße;8;2.34;b
147;2019-11-07 17:36:51;48.82230215;9.28537070224665;Fellbach ;Ohmstraße;25;2.66;b
170;2019-11-07 17:36:51;0.0;0.0;Handewitt ;Lecker Chausee;36;2.83;b
196;2019-11-07 17:36:51;50.380316799999996;8.0927724;Limburg ;Brüsseler Str.;14;3.11;b
201;2019-11-07 17:36:51;52.211349799999994;11.6707176927227;Magdeburg ;Glindenberger Weg;3;2.83;b
209;2019-11-07 17:36:51;48.121357;11.663883;München ;Kreillerstraße;220;4.35;b
232;2019-11-07 17:36:51;51.849093200000006;8.32326831083794;Rheda;Bielefelder Str.;145;2.19;b
260;2019-11-07 17:36:51;49.8966051;8.61317310537034;Weiterstadt ;Robert-Koch-Str.;1;1.94;b
170;2019-11-07 18:36:51;0.0;0.0;Handewitt ;Lecker Chausee;36;5.28;b
176;2019-11-07 18:36:51;0.0;0.0;Herten;Marie-Curie-Str/Albert-Einstein-Allee;unknown streetnr;2.68;b
177;2019-11-07 18:36:51;0.0;0.0;Hirschberg ;Goldbeckstraße ;1;1.98;b
209;2019-11-07 18:36:51;48.121357;11.663883;München ;Kreillerstraße;220;3.86;b
246;2019-11-07 18:36:51;48.6929656;9.198638;Stuttgart ;Flughafenstraße;70;2.6;b
116;2019-11-07 19:36:51;52.492588299999994;13.573059299999999;Berlin ;Heerstraße;37;2.72;b
165;2019-11-07 19:36:51;53.59348620000001;10.058972800000001;Hamburg ;Bramfelder Chaussee;370;3.88;b
171;2019-11-07 19:36:51;52.4212225;9.72739685;Hannover ;Industrieweg;30;1.97;b
209;2019-11-07 19:36:51;48.121357;11.663883;München ;Kreillerstraße;220;3.36;b
236;2019-11-07 19:36:51;54.0805767;12.1890671;Rostock ;Tessiner Str.;98;4.37;b
264;2019-11-07 19:36:51;50.05681745;8.3393322556147;Wiesbaden ;Borsigstraße;1;3.65;b
165;2019-11-07 20:36:51;53.59348620000001;10.058972800000001;Hamburg ;Bramfelder Chaussee;370;3.92;b
211;2019-11-07 20:36:51;48.164955799999994;11.4673026;München ;Verdistraße;96;2.8;b
246;2019-11-07 20:36:51;48.6929656;9.198638;Stuttgart ;Flughafenstraße;70;13.09;b
118;2019-11-07 21:36:51;52.5114331;13.4288729;Berlin ;Holzmarktstraße;36 - 42;3.45;b
184;2019-11-07 21:36:51;48.985688700000004;8.447428;Karlsruhe ;Erlachseeweg;10;2.93;b
184;2019-11-07 23:36:51;48.985688700000004;8.447428;Karlsruhe ;Erlachseeweg;10;3.32;b
117;2019-11-08 03:36:51;52.534278099999995;13.365230416526899;Berlin ;Heidestraße;19;1.14;b
243;2019-11-08 06:36:51;0.0;0.0;Siegen;Obere Leimbach;unknown streetnr;4.39;b
194;2019-11-08 07:36:51;51.41340665;12.3077606180055;Leipzig ;Poststr. ;3 ;4.92;b
236;2019-11-08 07:36:51;54.0805767;12.1890671;Rostock ;Tessiner Str.;98;3.47;b
117;2019-11-08 08:36:51;52.534278099999995;13.365230416526899;Berlin ;Heidestraße;19;2.3;b
169;2019-11-08 08:36:51;53.573465799999994;9.9193304;Hamburg ;Schnackenburgallee;12;2.14;b
170;2019-11-08 08:36:51;0.0;0.0;Handewitt ;Lecker Chausee;36;1.17;b
209;2019-11-08 08:36:51;48.121357;11.663883;München ;Kreillerstraße;220;2.74;b
172;2019-11-08 09:36:51;52.2656391;7.9643412;Hasbergen ;Hauptstraße ;107;2.37;b
176;2019-11-08 09:36:51;0.0;0.0;Herten;Marie-Curie-Str/Albert-Einstein-Allee;unknown streetnr;2.48;b
209;2019-11-08 09:36:51;48.121357;11.663883;München ;Kreillerstraße;220;1.62;b
136;2019-11-08 10:36:51;48.407118700000005;10.951334920448302;Derching ;Winterbruckenweg			;53;4.78;b
147;2019-11-08 10:36:51;48.82230215;9.28537070224665;Fellbach ;Ohmstraße;25;3.51;b
165;2019-11-08 10:36:51;53.59348620000001;10.058972800000001;Hamburg ;Bramfelder Chaussee;370;3.32;b
176;2019-11-08 10:36:51;0.0;0.0;Herten;Marie-Curie-Str/Albert-Einstein-Allee;unknown streetnr;3.51;b
236;2019-11-08 10:36:51;54.0805767;12.1890671;Rostock ;Tessiner Str.;98;4.1;b
246;2019-11-08 10:36:51;48.6929656;9.198638;Stuttgart ;Flughafenstraße;70;14.44;b
118;2019-11-08 11:36:51;52.5114331;13.4288729;Berlin ;Holzmarktstraße;36 - 42;0.75;b
139;2019-11-08 11:36:51;51.43819415;6.738977183406051;Duisburg ;Am Schlütershof ;27;1.6;b
167;2019-11-08 11:36:51;53.5469374;10.0041271;Hamburg ;Oberbaumbrücke;1;2.91;b
171;2019-11-08 11:36:51;52.4212225;9.72739685;Hannover ;Industrieweg;30;4.03;b
176;2019-11-08 11:36:51;0.0;0.0;Herten;Marie-Curie-Str/Albert-Einstein-Allee;unknown streetnr;2.8;b
194;2019-11-08 11:36:51;51.41340665;12.3077606180055;Leipzig ;Poststr. ;3 ;1.9;b
243;2019-11-08 11:36:51;0.0;0.0;Siegen;Obere Leimbach;unknown streetnr;3.59;b
116;2019-11-08 12:36:51;52.492588299999994;13.573059299999999;Berlin ;Heerstraße;37;1.09;b
119;2019-11-08 12:36:51;52.57160160000001;13.4296019;Berlin ;Rothenbachstr. ;1;1.69;b
167;2019-11-08 12:36:51;53.5469374;10.0041271;Hamburg ;Oberbaumbrücke;1;1.04;b
189;2019-11-08 12:36:51;0.0;0.0;Köln/Bonn Flughafen ;Flughafen Köln/Bonn;unknown streetnr;2.62;b
205;2019-11-08 13:36:51;51.15891245;6.44625115;Mönchengladbach ;Odenkirchenerstr.;160;5.1;b
209;2019-11-08 13:36:51;48.121357;11.663883;München ;Kreillerstraße;220;4.04;b
211;2019-11-08 13:36:51;48.164955799999994;11.4673026;München ;Verdistraße;96;2.82;b
225;2019-11-08 13:36:51;48.97288220000001;12.0647243;Pentling ;Ammerholz;3;1.95;b
243;2019-11-08 13:36:51;0.0;0.0;Siegen;Obere Leimbach;unknown streetnr;2.53;b
246;2019-11-08 13:36:51;48.6929656;9.198638;Stuttgart ;Flughafenstraße;70;11.54;b
128;2019-11-08 14:36:51;53.0577831;8.9625129;Bremen ;Osterholzer Heerstraße;222;4.31;b
165;2019-11-08 14:36:51;53.59348620000001;10.058972800000001;Hamburg ;Bramfelder Chaussee;370;3.17;b
208;2019-11-08 14:36:51;0.0;0.0;München ;Erdinger Allee;2;2.62;b
211;2019-11-08 14:36:51;48.164955799999994;11.4673026;München ;Verdistraße;96;3.63;b
230;2019-11-08 14:36:51;51.2954049;6.9149357;Ratingen ;Brachter Str.;36;1.15;b
236;2019-11-08 14:36:51;54.0805767;12.1890671;Rostock ;Tessiner Str.;98;2.92;b
260;2019-11-08 14:36:52;49.8966051;8.61317310537034;Weiterstadt ;Robert-Koch-Str.;1;2.36;b
209;2019-11-08 15:36:51;48.121357;11.663883;München ;Kreillerstraße;220;2.53;b
227;2019-11-08 15:36:51;52.38207825;13.0884129;Potsdam ;Horstweg ;53c;3.15;b
244;2019-11-08 15:36:51;48.703218400000004;9.004857800000002;Sindelfingen ;Neckarstraße;10;2.18;b
260;2019-11-08 15:36:51;49.8966051;8.61317310537034;Weiterstadt ;Robert-Koch-Str.;1;2.35;b
100;2019-11-08 16:36:51;50.792102899999996;6.1185974000000005;Aachen ;Prager Ring;106;1.63;b
117;2019-11-08 16:36:51;52.534278099999995;13.365230416526899;Berlin ;Heidestraße;19;2.65;b
118;2019-11-08 16:36:51;52.5114331;13.4288729;Berlin ;Holzmarktstraße;36 - 42;3.3;b
147;2019-11-08 16:36:51;48.82230215;9.28537070224665;Fellbach ;Ohmstraße;25;1.84;b
165;2019-11-08 16:36:51;53.59348620000001;10.058972800000001;Hamburg ;Bramfelder Chaussee;370;2.75;b
169;2019-11-08 16:36:51;53.573465799999994;9.9193304;Hamburg ;Schnackenburgallee;12;2.86;b
232;2019-11-08 16:36:51;51.849093200000006;8.32326831083794;Rheda;Bielefelder Str.;145;3.66;b
264;2019-11-08 16:36:52;50.05681745;8.3393322556147;Wiesbaden ;Borsigstraße;1;3.13;b
