Refuel_Activity_ID,fk_Gas_Station_ID,Timestamp,Amount,fk_Status
3778,100,2019-10-24 03:17:41,0.93,b
3779,121,2019-10-24 04:17:41,2.44,b
3780,189,2019-10-24 04:17:41,2.2,b
3781,114,2019-10-24 05:17:41,1.93,b
3782,171,2019-10-24 05:17:41,3.92,b
3783,114,2019-10-24 06:17:41,1.41,b
3784,149,2019-10-24 06:17:41,2.02,b
3785,180,2019-10-24 06:17:41,3.75,b
3786,187,2019-10-24 06:17:41,3.36,b
3787,243,2019-10-24 06:17:41,2.95,b
3788,244,2019-10-24 06:17:41,1.73,b
3789,246,2019-10-24 06:17:41,14.43,b
3790,149,2019-10-24 07:17:41,4.03,b
3791,162,2019-10-24 07:17:41,3.43,b
3792,167,2019-10-24 07:17:41,2.75,b
3793,183,2019-10-24 07:17:41,4.2,b
3794,196,2019-10-24 07:17:41,4.35,b
3795,264,2019-10-24 07:17:41,3.53,b
3796,117,2019-10-24 08:17:41,0.6,b
3797,119,2019-10-24 08:17:41,2.32,b
3798,147,2019-10-24 08:17:41,2.73,b
3799,167,2019-10-24 08:17:41,3.06,b
3800,169,2019-10-24 08:17:41,4.32,b
3801,171,2019-10-24 08:17:41,3.34,b
3802,177,2019-10-24 08:17:41,2.66,b
3803,189,2019-10-24 08:17:41,2.25,b
3804,194,2019-10-24 08:17:41,2.65,b
3805,196,2019-10-24 08:17:41,2.67,b
3806,204,2019-10-24 08:17:41,1.59,b
3807,225,2019-10-24 08:17:41,3.58,b
3808,250,2019-10-24 08:17:41,4.06,b
3809,261,2019-10-24 08:17:41,1.02,b
3810,111,2019-10-24 09:17:41,5.52,b
3811,155,2019-10-24 09:17:41,0.99,b
3812,167,2019-10-24 09:17:41,2.66,b
3813,176,2019-10-24 09:17:41,3.39,b
3814,180,2019-10-24 09:17:41,2.94,b
3815,232,2019-10-24 09:17:41,2.84,b
3816,114,2019-10-24 10:17:41,4.38,b
3817,119,2019-10-24 10:17:41,2.02,b
3818,138,2019-10-24 10:17:41,4.04,b
3819,163,2019-10-24 10:17:41,4.27,b
3820,171,2019-10-24 10:17:41,2.92,b
3821,177,2019-10-24 10:17:41,3.42,b
3822,189,2019-10-24 10:17:41,3.73,b
3823,194,2019-10-24 10:17:41,4.18,b
3824,232,2019-10-24 10:17:41,3,b
3825,243,2019-10-24 10:17:41,3.4,b
3826,246,2019-10-24 10:17:41,3.48,b
3827,155,2019-10-24 11:17:41,2.52,b
3828,167,2019-10-24 11:17:41,0.93,b
3829,169,2019-10-24 11:17:41,0.79,b
3830,194,2019-10-24 11:17:41,2.92,b
3831,112,2019-10-24 12:17:41,4.55,b
3832,116,2019-10-24 12:17:41,1.41,b
3833,117,2019-10-24 12:17:41,1.02,b
3834,128,2019-10-24 12:17:41,4.09,b
3835,162,2019-10-24 12:17:41,1.57,b
3836,167,2019-10-24 12:17:41,3.69,b
3837,195,2019-10-24 12:17:41,2.13,b
3838,196,2019-10-24 12:17:41,2.62,b
3839,216,2019-10-24 12:17:41,1.64,b
3840,264,2019-10-24 12:17:41,1.74,b
3841,128,2019-10-24 13:17:41,1.8,b
3842,136,2019-10-24 13:17:41,2.34,b
3843,167,2019-10-24 13:17:41,2.24,b
3844,183,2019-10-24 13:17:41,3.06,b
3845,184,2019-10-24 13:17:41,3.76,b
3846,187,2019-10-24 13:17:41,2.15,b
3847,243,2019-10-24 13:17:41,2,b
3848,246,2019-10-24 13:17:41,2.34,b
3849,261,2019-10-24 13:17:41,4.29,b
3850,121,2019-10-24 14:17:41,2.52,b
3851,152,2019-10-24 14:17:41,3.44,b
3852,169,2019-10-24 14:17:41,3.64,b
3853,183,2019-10-24 14:17:41,2.81,b
3854,187,2019-10-24 14:17:41,3.78,b
3855,189,2019-10-24 14:17:41,3.31,b
3856,243,2019-10-24 14:17:41,3.58,b
3857,128,2019-10-24 15:17:41,4.27,b
3858,165,2019-10-24 15:17:41,2.86,b
3859,167,2019-10-24 15:17:41,3.6,b
3860,183,2019-10-24 15:17:41,4.24,b
3861,187,2019-10-24 15:17:41,4.4,b
3862,211,2019-10-24 15:17:41,3.89,b
3863,147,2019-10-24 16:17:41,4.11,b
3864,162,2019-10-24 16:17:41,2.88,b
3865,169,2019-10-24 16:17:41,2.17,b
3866,198,2019-10-24 16:17:41,4.98,b
3867,201,2019-10-24 16:17:41,3.66,b
3868,206,2019-10-24 16:17:41,3.32,b
3869,116,2019-10-24 17:17:41,1.43,b
3870,117,2019-10-24 17:17:41,2.69,b
3871,149,2019-10-24 17:17:41,1.38,b
3872,171,2019-10-24 17:17:41,2.47,b
3873,260,2019-10-24 17:17:41,3.41,b
3874,196,2019-10-24 18:17:41,4.8,b
3875,211,2019-10-24 18:17:41,3.76,b
3876,264,2019-10-24 18:17:41,3.88,b
3877,170,2019-10-24 19:17:41,4.66,b
3878,187,2019-10-24 19:17:41,3.34,b
3879,196,2019-10-24 19:17:41,2.87,b
3880,243,2019-10-24 19:17:41,4.01,b
3881,246,2019-10-24 19:17:41,3.28,b
3882,209,2019-10-24 20:00:41,3.65,b
3883,171,2019-10-24 20:17:41,3.18,b
3884,176,2019-10-24 20:17:41,3.77,b
3885,183,2019-10-24 20:17:41,3.48,b
3886,201,2019-10-24 20:17:41,3.06,b
3887,211,2019-10-24 20:17:41,2.18,b
3888,117,2019-10-24 21:17:41,2.12,b
3889,121,2019-10-24 21:17:41,3.23,b
3890,136,2019-10-24 21:17:41,2.88,b
3891,246,2019-10-24 21:17:41,10.73,b
3892,189,2019-10-24 22:17:41,0.76,b
3893,211,2019-10-24 22:17:41,2.53,b
3894,121,2019-10-25 05:17:41,3.15,b
3895,192,2019-10-25 05:17:41,2.46,b
3896,119,2019-10-25 06:17:41,1.48,b
3897,147,2019-10-25 06:17:41,1.1,b
3898,155,2019-10-25 06:17:41,1.81,b
3899,167,2019-10-25 06:17:41,3.04,b
3900,187,2019-10-25 06:17:41,4.22,b
3901,189,2019-10-25 06:17:41,3.24,b
3902,198,2019-10-25 06:17:41,2.37,b
3903,209,2019-10-25 06:17:41,5.04,b
3904,230,2019-10-25 06:17:41,1.38,b
3905,264,2019-10-25 06:17:41,3.32,b
3906,119,2019-10-25 07:17:41,2.26,b
3907,136,2019-10-25 07:17:41,2.62,b
3908,167,2019-10-25 07:17:41,2.92,b
3909,232,2019-10-25 07:17:41,3.62,b
3910,236,2019-10-25 07:17:41,2.29,b
3911,243,2019-10-25 07:17:41,4.07,b
3912,119,2019-10-25 08:17:41,0.94,b
3913,139,2019-10-25 08:17:41,4.17,b
3914,163,2019-10-25 08:17:41,2.79,b
3915,165,2019-10-25 08:17:41,1.25,b
3916,167,2019-10-25 08:17:41,1.31,b
3917,211,2019-10-25 08:17:41,0.74,b
3918,267,2019-10-25 08:17:41,3.9,b
3919,116,2019-10-25 09:17:41,3.62,b
3920,117,2019-10-25 09:17:41,1.08,b
3921,128,2019-10-25 09:17:41,3.85,b
3922,149,2019-10-25 09:17:41,3.28,b
3923,152,2019-10-25 09:17:41,2.41,b
3924,194,2019-10-25 09:17:41,5.33,b
3925,241,2019-10-25 09:17:41,4.5,b
3926,260,2019-10-25 09:17:41,2.41,b
3927,118,2019-10-25 10:17:41,0.67,b
3928,147,2019-10-25 10:17:41,1.58,b
3929,158,2019-10-25 10:17:41,4.03,b
3930,192,2019-10-25 10:17:41,2.92,b
3931,136,2019-10-25 11:17:41,4.38,b
3932,152,2019-10-25 11:17:41,3.32,b
3933,169,2019-10-25 11:17:41,1.99,b
3934,170,2019-10-25 11:17:41,4.92,b
3935,171,2019-10-25 11:17:41,4.05,b
3936,236,2019-10-25 11:17:41,2.27,b
3937,117,2019-10-25 12:18:06,1.07,b
3938,149,2019-10-25 12:18:07,3.71,b
3939,165,2019-10-25 12:18:07,3.77,b
3940,167,2019-10-25 12:18:07,2.42,b
3941,198,2019-10-25 12:18:07,2.78,b
3942,230,2019-10-25 12:18:07,0.89,b
3943,246,2019-10-25 12:18:07,2.38,b
3944,128,2019-10-25 13:18:06,4.42,b
3945,155,2019-10-25 13:18:07,3.11,b
3946,162,2019-10-25 13:18:07,1.81,b
3947,167,2019-10-25 13:18:07,2.14,b
3948,208,2019-10-25 13:18:07,2.2,b
3949,246,2019-10-25 13:18:07,1.45,b
3950,250,2019-10-25 13:18:07,3.85,b
3951,128,2019-10-25 14:18:06,4.3,b
3952,136,2019-10-25 14:18:06,4.8,b
3953,152,2019-10-25 14:18:07,3.16,b
3954,211,2019-10-25 14:18:07,2.89,b
3955,244,2019-10-25 14:18:07,1.98,b
3956,192,2019-10-25 15:18:07,3.73,b
3957,198,2019-10-25 15:18:07,4.97,b
3958,209,2019-10-25 15:18:07,2.91,b
3959,236,2019-10-25 15:18:07,0.87,b
3960,241,2019-10-25 15:18:07,3.95,b
3961,246,2019-10-25 15:18:07,2.36,b
3962,100,2019-10-25 16:18:06,1.67,b
3963,121,2019-10-25 16:18:06,1.69,b
3964,147,2019-10-25 16:18:07,3.42,b
3965,192,2019-10-25 16:18:07,2.83,b
3966,195,2019-10-25 16:18:07,2.46,b
3967,209,2019-10-25 16:18:07,4.66,b
3968,195,2019-10-25 17:18:07,3.6,b
3969,198,2019-10-25 17:18:07,2.23,b
3970,226,2019-10-25 17:18:07,3.95,b
3971,243,2019-10-25 17:18:07,3.61,b
3972,111,2019-10-25 20:57:24,1.43,b
3973,114,2019-10-25 20:57:24,3.17,b
3974,119,2019-10-25 20:57:24,2.02,b
3975,149,2019-10-25 20:57:25,3.87,b
3976,170,2019-10-25 20:57:25,1.46,b
3977,194,2019-10-25 20:57:25,1.77,b
3978,198,2019-10-25 20:57:25,2.41,b
3979,209,2019-10-25 20:57:25,2.31,b
3980,211,2019-10-25 20:57:25,2.84,b
3981,117,2019-10-25 21:17:25,1.08,b
3982,119,2019-10-25 21:17:25,1.73,b
3983,246,2019-10-25 21:17:25,10.31,b
3984,260,2019-10-25 21:17:25,1.98,b
3985,264,2019-10-26 01:17:25,2.95,b
3986,167,2019-10-26 05:17:25,1.69,b
3987,217,2019-10-26 05:17:25,1.92,b
3988,209,2019-10-26 06:17:25,3.35,b
3989,250,2019-10-26 06:17:25,4.06,b
3990,226,2019-10-26 08:17:25,3.18,b
3991,211,2019-10-26 09:19:18,4.18,b
3992,269,2019-10-26 09:56:32,0,u
3993,270,2019-10-26 09:56:33,0,u
3994,271,2019-10-26 09:56:33,0,u
3995,272,2019-10-26 09:56:34,0,u
3996,273,2019-10-26 09:56:34,0,u
3997,274,2019-10-26 09:56:34,0,u
3998,275,2019-10-26 09:56:35,0,u
3999,276,2019-10-26 09:56:35,0,u
4000,277,2019-10-26 09:56:35,0,u
4001,278,2019-10-26 09:56:35,0,u
4002,279,2019-10-26 09:56:36,0,u
4003,280,2019-10-26 09:56:36,0,u
4004,281,2019-10-26 09:56:36,0,u
4005,282,2019-10-26 09:56:36,0,u
4006,283,2019-10-26 09:56:36,0,u
4007,284,2019-10-26 09:56:36,0,u
4008,285,2019-10-26 09:56:37,0,u
4009,286,2019-10-26 09:56:37,0,u
4010,287,2019-10-26 09:56:37,0,u
4011,288,2019-10-26 09:56:38,0,u
4012,289,2019-10-26 09:56:38,0,u
4013,290,2019-10-26 09:56:38,0,u
4014,291,2019-10-26 09:56:38,0,u
4015,292,2019-10-26 09:56:38,0,u
4016,293,2019-10-26 09:56:39,0,u
4017,294,2019-10-26 09:56:39,0,u
4018,295,2019-10-26 09:56:39,0,u
4019,296,2019-10-26 09:56:39,0,u
4020,297,2019-10-26 09:56:39,0,u
4021,298,2019-10-26 09:56:40,0,u
4022,299,2019-10-26 09:56:41,0,u
4023,300,2019-10-26 09:56:42,0,u
4024,301,2019-10-26 09:56:44,0,u
4025,302,2019-10-26 09:56:44,0,u
4026,303,2019-10-26 09:56:44,0,u
4027,304,2019-10-26 09:56:44,0,u
4028,305,2019-10-26 09:56:45,0,u
4029,306,2019-10-26 09:56:45,0,u
4030,307,2019-10-26 09:56:45,0,u
4031,308,2019-10-26 09:56:45,0,u
4032,309,2019-10-26 09:56:45,0,u
4033,310,2019-10-26 09:56:46,0,u
4034,311,2019-10-26 09:56:46,0,u
4035,312,2019-10-26 09:56:46,0,u
4036,313,2019-10-26 09:56:46,0,u
4037,314,2019-10-26 09:56:47,0,u
4038,315,2019-10-26 09:56:47,0,u
4039,316,2019-10-26 09:56:47,0,u
4040,317,2019-10-26 09:56:47,0,u
4041,318,2019-10-26 09:56:47,0,u
4042,118,2019-10-26 10:17:18,2.12,b
4043,121,2019-10-26 10:17:18,4.77,b
4044,128,2019-10-26 10:17:18,3.66,b
4045,183,2019-10-26 10:17:18,0.73,b
4046,270,2019-10-26 10:34:54,2.56,b
4047,306,2019-10-26 10:34:54,3.27,b
4048,117,2019-10-26 12:18:55,3.78,b
4049,128,2019-10-26 12:18:55,3.76,b
4050,158,2019-10-26 12:18:55,2.39,b
4051,172,2019-10-26 12:18:56,3.75,b
4052,176,2019-10-26 12:18:56,4.66,b
4053,209,2019-10-26 12:18:56,2.28,b
4054,226,2019-10-26 12:18:56,5.19,b
4055,236,2019-10-26 12:18:56,4.81,b
4056,100,2019-10-26 13:18:55,3.4,b
4057,116,2019-10-26 13:18:55,4.36,b
4058,158,2019-10-26 13:18:55,0.91,b
4059,211,2019-10-26 13:18:55,0.87,b
4060,217,2019-10-26 13:18:56,3.51,b
4061,264,2019-10-26 13:18:56,1.56,b
4062,128,2019-10-26 14:18:55,4.36,b
4063,169,2019-10-26 15:18:55,3.59,b
4064,184,2019-10-26 15:18:55,1.73,b
4065,217,2019-10-26 15:18:56,2.04,b
4066,138,2019-10-26 16:18:55,0.55,b
4067,167,2019-10-26 16:18:55,3.06,b
4068,201,2019-10-26 16:18:55,5.49,b
4069,216,2019-10-26 16:18:55,4.52,b
4070,264,2019-10-26 16:18:56,2.59,b
4071,171,2019-10-26 18:18:55,0.9,b
4072,196,2019-10-26 18:18:55,1.66,b
4073,209,2019-10-26 18:18:56,2.5,b
4074,211,2019-10-26 19:18:55,3.52,b
4075,246,2019-10-26 19:18:55,12.88,b
4076,170,2019-10-26 20:00:55,4.08,b
4077,177,2019-10-26 20:18:55,2.67,b
4078,209,2019-10-26 20:18:55,4.03,b
4079,250,2019-10-26 20:18:56,2.93,b
4080,211,2019-10-26 22:18:55,3.97,b
4081,136,2019-10-27 09:45:29,5.5,b
4082,152,2019-10-27 09:45:29,2.76,b
4083,167,2019-10-27 09:45:29,1.86,b
4084,246,2019-10-27 09:45:29,2.47,b
4085,116,2019-10-27 10:17:30,2.74,b
4086,119,2019-10-27 10:17:30,0.97,b
4087,176,2019-10-27 10:17:30,2.8,b
4088,209,2019-10-27 10:17:30,2.57,b
4089,261,2019-10-27 10:17:30,2.28,b
4090,176,2019-10-27 11:17:30,1.58,b
4091,198,2019-10-27 11:17:30,1.87,b
4092,208,2019-10-27 11:17:30,3.39,b
4093,225,2019-10-27 11:17:30,3.13,b
4094,260,2019-10-27 11:17:30,2.13,b
4095,152,2019-10-27 12:17:30,2.66,b
4096,183,2019-10-27 12:17:30,3.82,b
4097,184,2019-10-27 12:17:30,1.9,b
4098,189,2019-10-27 12:17:30,3.19,b
4099,194,2019-10-27 12:17:30,5.66,b
4100,206,2019-10-27 12:17:30,4.32,b
4101,100,2019-10-27 13:17:30,2.52,b
4102,139,2019-10-27 13:17:30,3.43,b
4103,149,2019-10-27 13:17:30,4.88,b
4104,209,2019-10-27 13:17:30,2.2,b
4105,270,2019-10-27 14:17:30,3.42,b
4106,117,2019-10-27 14:17:30,2.31,b
4107,128,2019-10-27 14:17:30,5.08,b
4108,139,2019-10-27 14:17:30,2.6,b
4109,208,2019-10-27 14:17:30,3.23,b
4110,209,2019-10-27 14:17:30,2.09,b
4111,230,2019-10-27 14:17:30,4.78,b
4112,138,2019-10-27 15:17:30,1.26,b
4113,158,2019-10-27 15:17:30,4.5,b
4114,176,2019-10-27 15:17:30,2.02,b
4115,180,2019-10-27 15:17:30,3.14,b
4116,184,2019-10-27 15:17:30,1.62,b
4117,194,2019-10-27 15:17:30,2.41,b
4118,198,2019-10-27 15:17:30,4.04,b
4119,225,2019-10-27 15:17:30,5.38,b
4120,226,2019-10-27 15:17:30,3,b
4121,225,2019-10-27 16:17:30,2.1,b
4122,189,2019-10-27 17:17:30,3.86,b
4123,198,2019-10-27 17:17:30,4.66,b
4124,230,2019-10-27 17:17:30,3.41,b
4125,250,2019-10-27 17:17:30,1.35,b
4126,121,2019-10-27 18:17:30,3.42,b
4127,211,2019-10-27 18:17:30,3.32,b
4128,264,2019-10-27 18:17:30,2.44,b
4129,139,2019-10-27 19:17:30,4.02,b
4130,177,2019-10-27 19:17:30,4.27,b
4131,192,2019-10-27 19:17:30,3.62,b
4132,139,2019-10-27 20:17:30,3.22,b
4133,171,2019-10-27 20:17:30,4.34,b
4134,170,2019-10-27 21:01:30,3.75,b
4135,196,2019-10-27 21:17:30,3.48,b
4136,198,2019-10-27 21:17:30,3.08,b
4137,270,2019-10-27 22:17:30,1.87,b
4138,100,2019-10-27 23:17:30,0.59,b
4139,189,2019-10-27 23:17:30,3.26,b
4140,152,2019-10-28 07:17:30,3.91,b
4141,194,2019-10-28 07:17:30,4.13,b
4142,236,2019-10-28 07:17:30,2.89,b
4143,250,2019-10-28 07:17:30,3.91,b
4144,100,2019-10-28 08:17:30,0.87,b
4145,117,2019-10-28 08:17:30,4.33,b
4146,165,2019-10-28 08:17:30,3.67,b
4147,172,2019-10-28 08:17:30,3.28,b
4148,128,2019-10-28 09:17:30,5.59,b
4149,163,2019-10-28 09:17:30,5.01,b
4150,165,2019-10-28 09:17:30,1.14,b
4151,167,2019-10-28 09:17:30,2.63,b
4152,117,2019-10-28 10:17:30,1.05,b
4153,167,2019-10-28 10:17:30,2.21,b
4154,246,2019-10-28 10:17:30,3.49,b
4155,264,2019-10-28 10:17:30,4.99,b
4156,270,2019-10-28 11:35:30,1.44,b
4157,167,2019-10-28 11:35:30,1.82,b
4158,187,2019-10-28 11:35:30,3.66,b
4159,195,2019-10-28 11:35:30,4.15,b
4160,250,2019-10-28 11:35:30,4.18,b
4161,100,2019-10-28 12:35:30,1.91,b
4162,152,2019-10-28 12:35:30,1.36,b
4163,167,2019-10-28 12:35:30,1.72,b
4164,177,2019-10-28 12:35:30,2.22,b
4165,192,2019-10-28 12:35:30,2.39,b
4166,196,2019-10-28 12:35:30,2.27,b
4167,205,2019-10-28 12:35:30,2.65,b
4168,230,2019-10-28 12:35:30,0.91,b
4169,270,2019-10-28 13:35:30,1.69,b
4170,184,2019-10-28 13:35:30,2.13,b
4171,187,2019-10-28 13:35:30,0.88,b
4172,194,2019-10-28 13:35:30,3.63,b
4173,217,2019-10-28 13:35:30,4.56,b
4174,128,2019-10-28 14:35:30,4.32,b
4175,171,2019-10-28 14:35:30,3.92,b
4176,176,2019-10-28 14:35:30,1.58,b
4177,194,2019-10-28 14:35:30,3.53,b
4178,198,2019-10-28 14:35:30,0.59,b
4179,241,2019-10-28 14:35:30,3.19,b
4180,158,2019-10-28 15:35:30,3.83,b
4181,163,2019-10-28 15:35:30,3.48,b
4182,180,2019-10-28 15:35:30,1.22,b
4183,184,2019-10-28 15:35:30,3.75,b
4184,217,2019-10-28 15:35:30,3.52,b
4185,246,2019-10-28 15:35:30,1.93,b
4186,152,2019-10-28 16:35:30,3.22,b
4187,198,2019-10-28 16:35:30,1.8,b
4188,138,2019-10-28 17:35:30,3.73,b
4189,152,2019-10-28 17:35:30,2.79,b
4190,170,2019-10-28 17:35:30,4.74,b
4191,180,2019-10-28 17:35:30,3.03,b
4192,183,2019-10-28 17:35:30,5.99,b
4193,100,2019-10-28 18:35:30,1.5,b
4194,118,2019-10-28 18:35:30,2.74,b
4195,152,2019-10-28 18:35:30,3.47,b
4196,163,2019-10-28 18:35:30,2.33,b
4197,165,2019-10-28 18:35:30,4.51,b
4198,187,2019-10-28 18:35:30,2.38,b
4199,230,2019-10-28 18:35:31,3.56,b
4200,260,2019-10-28 18:35:31,1.37,b
4201,267,2019-10-28 18:35:31,3.36,b
4202,165,2019-10-28 19:35:30,3.88,b
4203,117,2019-10-28 20:35:30,0.85,b
4204,167,2019-10-28 21:35:30,3.02,b
4205,177,2019-10-28 23:35:30,3.44,b
4206,167,2019-10-29 06:35:30,3,b
4207,169,2019-10-29 06:35:30,3.03,b
4208,117,2019-10-29 07:35:30,2.45,b
4209,139,2019-10-29 07:35:30,3.63,b
4210,155,2019-10-29 07:35:30,3.35,b
4211,163,2019-10-29 07:35:30,2.57,b
4212,196,2019-10-29 07:35:30,3.22,b
4213,205,2019-10-29 07:35:30,4.09,b
4214,217,2019-10-29 07:35:30,2.98,b
4215,260,2019-10-29 07:35:30,2.38,b
4216,264,2019-10-29 07:35:30,0.75,b
4217,270,2019-10-29 08:35:30,1.48,b
4218,111,2019-10-29 08:35:30,4.76,b
4219,128,2019-10-29 08:35:30,1.56,b
4220,136,2019-10-29 08:35:30,3.72,b
4221,158,2019-10-29 08:35:30,3.28,b
4222,167,2019-10-29 08:35:30,1.78,b
4223,172,2019-10-29 08:35:30,2.14,b
4224,264,2019-10-29 08:35:31,2.83,b
4225,128,2019-10-29 09:35:30,4.3,b
4226,167,2019-10-29 09:35:30,0.96,b
4227,198,2019-10-29 09:35:30,2.05,b
4228,217,2019-10-29 09:35:30,1.81,b
4229,246,2019-10-29 09:35:30,14.43,b
4230,267,2019-10-29 09:35:30,1.59,b
4231,114,2019-10-29 10:35:30,4.2,b
4232,117,2019-10-29 10:35:30,0.77,b
4233,139,2019-10-29 10:35:30,3.62,b
4234,176,2019-10-29 10:35:30,0.82,b
4235,195,2019-10-29 10:35:30,4.25,b
4236,246,2019-10-29 10:35:31,0.84,b
4237,270,2019-10-29 11:35:30,2.95,b
4238,138,2019-10-29 11:35:30,1.84,b
4239,139,2019-10-29 11:35:30,4,b
4240,149,2019-10-29 11:35:30,4.43,b
4241,209,2019-10-29 11:35:30,2.26,b
4242,270,2019-10-29 12:35:30,1.84,b
4243,118,2019-10-29 12:35:30,1.17,b
4244,163,2019-10-29 12:35:30,2.6,b
4245,169,2019-10-29 12:35:30,4.07,b
4246,119,2019-10-29 13:35:30,1.36,b
4247,163,2019-10-29 13:35:30,1.32,b
4248,169,2019-10-29 13:35:30,2.45,b
4249,180,2019-10-29 13:35:30,2.81,b
4250,183,2019-10-29 13:35:30,6.03,b
4251,187,2019-10-29 13:35:30,0.8,b
4252,209,2019-10-29 13:35:30,3.69,b
4253,246,2019-10-29 13:35:30,2.87,b
4254,128,2019-10-29 14:35:30,4.31,b
4255,159,2019-10-29 14:35:30,2.16,b
4256,167,2019-10-29 14:35:30,3.09,b
4257,198,2019-10-29 14:35:30,1.07,b
4258,209,2019-10-29 14:35:30,2.75,b
4259,250,2019-10-29 14:35:30,2.35,b
4260,128,2019-10-29 15:35:30,5.51,b
4261,187,2019-10-29 15:35:30,1.21,b
4262,204,2019-10-29 15:35:30,3.35,b
4263,208,2019-10-29 15:35:30,2.89,b
4264,209,2019-10-29 15:35:30,2.8,b
4265,264,2019-10-29 15:35:30,2.14,b
4266,270,2019-10-29 16:35:30,1.39,b
4267,128,2019-10-29 16:35:30,3.7,b
4268,139,2019-10-29 16:35:30,2.01,b
4269,158,2019-10-29 16:35:30,1.73,b
4270,180,2019-10-29 16:35:30,2.27,b
4271,187,2019-10-29 16:35:30,2.45,b
4272,128,2019-10-29 17:35:30,3.79,b
4273,170,2019-10-29 17:35:30,4.83,b
4274,243,2019-10-29 17:35:30,3.11,b
4275,136,2019-10-29 18:35:30,2.86,b
4276,163,2019-10-29 18:35:30,2.96,b
4277,195,2019-10-29 18:35:30,3.24,b
4278,198,2019-10-29 18:35:30,3.33,b
4279,209,2019-10-29 18:35:30,2.59,b
4280,159,2019-10-29 19:35:30,3.68,b
4281,201,2019-10-29 19:35:30,4.32,b
4282,209,2019-10-29 19:35:30,3.67,b
4283,264,2019-10-29 19:35:30,3.91,b
4284,138,2019-10-29 20:35:30,1.24,b
4285,246,2019-10-29 20:35:30,3.57,b
4286,264,2019-10-29 20:35:30,1.47,b
4287,210,2019-10-29 21:01:30,2.56,b
4288,114,2019-10-29 21:35:30,4.07,b
4289,167,2019-10-29 21:35:30,2.68,b
4290,208,2019-10-29 22:35:30,3.09,b
4291,180,2019-10-30 05:35:30,3.61,b
4292,158,2019-10-30 06:35:30,3,b
4293,159,2019-10-30 06:35:30,2.73,b
4294,184,2019-10-30 06:35:30,0.76,b
4295,196,2019-10-30 06:35:30,3.62,b
4296,246,2019-10-30 06:35:31,14.75,b
4297,167,2019-10-30 07:35:30,2.42,b
4298,194,2019-10-30 07:35:30,3.07,b
4299,209,2019-10-30 07:35:30,3.07,b
4300,241,2019-10-30 07:35:30,4.64,b
4301,136,2019-10-30 08:35:30,3.6,b
4302,195,2019-10-30 08:35:30,2.7,b
4303,206,2019-10-30 08:35:30,2.45,b
4304,209,2019-10-30 08:35:30,1.04,b
4305,100,2019-10-30 09:35:30,3.86,b
4306,117,2019-10-30 09:35:30,0.72,b
4307,121,2019-10-30 09:35:30,1.5,b
4308,136,2019-10-30 09:35:30,4.17,b
4309,196,2019-10-30 09:35:30,4.18,b
4310,198,2019-10-30 09:35:31,3.26,b
4311,209,2019-10-30 09:35:31,3.12,b
4312,149,2019-10-30 10:35:30,3.06,b
4313,165,2019-10-30 10:35:30,1.22,b
4314,183,2019-10-30 10:35:30,4.67,b
4315,184,2019-10-30 10:35:30,1.68,b
4316,261,2019-10-30 10:35:30,2.31,b
4317,121,2019-10-30 11:35:30,3.82,b
4318,169,2019-10-30 11:35:30,2.56,b
4319,180,2019-10-30 11:35:30,4.05,b
4320,194,2019-10-30 11:35:30,4.33,b
4321,209,2019-10-30 11:35:30,3.33,b
4322,243,2019-10-30 11:35:30,3.32,b
4323,261,2019-10-30 11:35:30,2.77,b
4324,128,2019-10-30 12:35:30,4.35,b
4325,176,2019-10-30 12:35:30,4.36,b
4326,198,2019-10-30 12:35:30,1.7,b
4327,206,2019-10-30 12:35:30,2.54,b
4328,209,2019-10-30 12:35:30,1.43,b
4329,246,2019-10-30 12:35:30,3.47,b
4330,270,2019-10-30 13:35:30,1.67,b
4331,112,2019-10-30 13:35:30,2.84,b
4332,114,2019-10-30 13:35:30,3.3,b
4333,128,2019-10-30 13:35:30,4,b
4334,149,2019-10-30 13:35:30,3.7,b
4335,155,2019-10-30 13:35:30,3.27,b
4336,206,2019-10-30 13:35:30,3.77,b
4337,209,2019-10-30 13:35:30,2.74,b
4338,171,2019-10-30 14:35:30,3.05,b
4339,264,2019-10-30 14:35:30,3.18,b
4340,100,2019-10-31 11:53:26,2.54,b
4341,111,2019-10-31 11:53:26,2.83,b
4342,116,2019-10-31 11:53:26,1.59,b
4343,117,2019-10-31 11:53:26,2.26,b
4344,118,2019-10-31 11:53:26,2.84,b
4345,119,2019-10-31 11:53:26,3.08,b
4346,121,2019-10-31 11:53:26,1.28,b
4347,128,2019-10-31 11:53:26,3.66,b
4348,136,2019-10-31 11:53:26,3.12,b
4349,139,2019-10-31 11:53:26,1.58,b
4350,146,2019-10-31 11:53:26,3.48,b
4351,147,2019-10-31 11:53:26,1.7,b
4352,149,2019-10-31 11:53:26,2.74,b
4353,158,2019-10-31 11:53:27,2.29,b
4354,165,2019-10-31 11:53:27,1.66,b
4355,167,2019-10-31 11:53:27,1.33,b
4356,169,2019-10-31 11:53:27,2.57,b
4357,170,2019-10-31 11:53:27,3.35,b
4358,172,2019-10-31 11:53:27,5.13,b
4359,176,2019-10-31 11:53:27,2.43,b
4360,180,2019-10-31 11:53:27,3.5,b
4361,184,2019-10-31 11:53:27,4.07,b
4362,187,2019-10-31 11:53:27,3.85,b
4363,189,2019-10-31 11:53:27,4.13,b
4364,195,2019-10-31 11:53:27,3.5,b
4365,196,2019-10-31 11:53:27,2.07,b
4366,198,2019-10-31 11:53:27,2.98,b
4367,201,2019-10-31 11:53:27,3.63,b
4368,217,2019-10-31 11:53:27,3.26,b
4369,236,2019-10-31 11:53:27,2.39,b
4370,243,2019-10-31 11:53:27,4.38,b
4371,264,2019-10-31 11:53:27,2.97,b
4372,267,2019-10-31 11:53:27,3.76,b
4373,139,2019-10-31 12:35:28,2.67,b
4374,216,2019-10-31 12:35:28,3.09,b
4375,111,2019-10-31 13:35:28,3.22,b
4376,114,2019-10-31 13:35:28,2.02,b
4377,149,2019-10-31 13:35:28,1.08,b
4378,209,2019-10-31 13:35:28,4.5,b
4379,232,2019-10-31 13:35:29,1.09,b
4380,246,2019-10-31 13:35:29,12.49,b
4381,167,2019-10-31 14:35:28,2.81,b
4382,184,2019-10-31 14:35:28,1.81,b
4383,189,2019-10-31 14:35:28,1.85,b
4384,216,2019-10-31 14:35:28,1.67,b
4385,246,2019-10-31 14:35:29,3.8,b
4386,128,2019-10-31 15:35:28,3.81,b
4387,167,2019-10-31 15:35:28,2.89,b
4388,176,2019-10-31 15:35:28,2.4,b
4389,217,2019-10-31 15:35:28,1.57,b
4390,225,2019-10-31 15:35:29,3.19,b
4391,244,2019-10-31 15:35:29,4.35,b
4392,264,2019-10-31 15:35:29,3.92,b
4393,112,2019-10-31 16:35:28,2.78,b
4394,167,2019-10-31 16:35:28,3.64,b
4395,211,2019-10-31 16:35:28,0.94,b
4396,267,2019-10-31 16:35:29,4.96,b
4397,152,2019-10-31 17:35:28,3.69,b
4398,158,2019-10-31 17:35:28,3.33,b
4399,163,2019-10-31 17:35:28,2.54,b
4400,244,2019-10-31 17:35:28,4.01,b
4401,111,2019-10-31 18:35:28,2.62,b
4402,152,2019-10-31 18:35:28,0.88,b
4403,162,2019-10-31 18:35:28,3.53,b
4404,206,2019-10-31 18:35:28,3.55,b
4405,264,2019-10-31 18:35:29,2.64,b
4406,119,2019-10-31 19:35:28,1.68,b
4407,209,2019-10-31 19:35:28,2.87,b
4408,211,2019-10-31 19:35:28,2.69,b
4409,264,2019-10-31 19:35:29,4.2,b
4410,128,2019-10-31 20:35:28,2.06,b
4411,232,2019-10-31 20:35:28,5.11,b
4412,180,2019-10-31 21:35:28,3.65,b
4413,128,2019-10-31 22:35:28,1.78,b
4414,167,2019-10-31 22:35:28,1.6,b
4415,118,2019-10-31 23:35:28,2.31,b
4416,267,2019-11-01 00:35:29,3.45,b
4417,211,2019-11-01 01:35:28,3.08,b
4418,264,2019-11-01 06:35:28,1.16,b
4419,119,2019-11-01 07:35:28,1.92,b
4420,246,2019-11-01 07:35:28,3.5,b
4421,176,2019-11-01 08:35:28,2.97,b
4422,211,2019-11-01 08:35:28,1.47,b
4423,114,2019-11-01 09:35:28,1.05,b
4424,152,2019-11-01 09:35:28,4.55,b
4425,165,2019-11-01 09:35:28,3.02,b
4426,225,2019-11-01 09:35:29,2.37,b
4427,128,2019-11-01 10:35:28,4.51,b
4428,183,2019-11-01 10:35:28,2.37,b
4429,184,2019-11-01 10:35:28,1.24,b
4430,192,2019-11-01 10:35:28,4.74,b
4431,194,2019-11-01 10:35:28,4,b
4432,198,2019-11-01 10:35:28,3.11,b
4433,216,2019-11-01 10:35:29,0.68,b
4434,264,2019-11-01 10:35:29,4.44,b
4435,270,2019-11-01 11:35:28,2.41,b
4436,121,2019-11-01 11:35:28,2.45,b
4437,138,2019-11-01 11:35:28,4.17,b
4438,139,2019-11-01 11:35:28,1.82,b
4439,163,2019-11-01 11:35:28,3.3,b
4440,177,2019-11-01 11:35:28,1.25,b
4441,195,2019-11-01 11:35:29,3.82,b
4442,236,2019-11-01 11:35:29,3.27,b
4443,116,2019-11-01 12:35:28,5.12,b
4444,117,2019-11-01 12:35:28,1.31,b
4445,171,2019-11-01 12:35:28,3.46,b
4446,264,2019-11-01 12:35:29,3.13,b
4447,121,2019-11-01 14:35:28,1.78,b
4448,136,2019-11-01 14:35:28,5.26,b
4449,147,2019-11-01 14:35:28,2.53,b
4450,169,2019-11-01 14:35:28,3.19,b
4451,172,2019-11-01 14:35:28,1.18,b
4452,189,2019-11-01 14:35:28,1.57,b
4453,194,2019-11-01 14:35:28,5.16,b
4454,260,2019-11-01 14:35:29,4.14,b
4455,138,2019-11-01 15:35:28,3.64,b
4456,165,2019-11-01 15:35:28,2.39,b
4457,170,2019-11-01 15:35:28,4.82,b
4458,243,2019-11-01 15:35:28,4.59,b
4459,118,2019-11-01 16:35:28,1.42,b
4460,167,2019-11-01 16:35:28,2.35,b
4461,117,2019-11-01 17:35:28,1.55,b
4462,169,2019-11-01 17:35:28,1.99,b
4463,183,2019-11-01 17:35:28,3.29,b
4464,196,2019-11-01 17:35:28,4.7,b
4465,209,2019-11-01 17:35:29,2.82,b
4466,225,2019-11-01 17:35:29,3.7,b
4467,100,2019-11-01 18:35:28,1.04,b
4468,128,2019-11-01 18:35:28,1.22,b
4469,176,2019-11-01 18:35:28,0.53,b
4470,260,2019-11-01 18:35:29,2.29,b
4471,170,2019-11-01 19:35:28,5.73,b
4472,177,2019-11-01 20:35:28,3.9,b
4473,116,2019-11-01 21:35:28,1.27,b
4474,177,2019-11-01 21:35:28,3.66,b
4475,246,2019-11-01 21:35:29,5.82,b
4476,264,2019-11-02 01:35:28,3.98,b
4477,171,2019-11-02 08:35:28,3.3,b
4478,209,2019-11-02 08:35:29,3.12,b
4479,100,2019-11-02 09:35:28,1.97,b
4480,155,2019-11-02 09:35:28,3.5,b
4481,209,2019-11-02 09:35:29,2.56,b
4482,216,2019-11-02 09:35:29,1.09,b
4483,139,2019-11-02 10:35:28,3.67,b
4484,201,2019-11-02 10:35:29,3.33,b
4485,241,2019-11-02 10:35:29,2.97,b
4486,139,2019-11-02 11:35:28,3.7,b
4487,246,2019-11-02 11:35:29,4.1,b
4488,204,2019-11-02 12:35:28,2.29,b
4489,128,2019-11-02 13:35:28,4.83,b
4490,196,2019-11-02 13:35:28,4.13,b
4491,216,2019-11-02 13:35:28,2.65,b
4492,152,2019-11-02 14:35:28,2.22,b
4493,264,2019-11-02 14:35:29,2.52,b
4494,209,2019-11-02 15:35:28,3.2,b
4495,165,2019-11-02 16:35:28,2.51,b
4496,217,2019-11-02 16:35:28,3,b
4497,209,2019-11-02 17:35:28,3.21,b
4498,225,2019-11-02 17:35:28,2.31,b
4499,152,2019-11-02 18:35:28,2.2,b
4500,209,2019-11-02 18:35:28,2.92,b
4501,184,2019-11-02 19:35:28,1.94,b
4502,170,2019-11-02 20:35:28,5.78,b
4503,208,2019-11-02 20:35:28,5.46,b
4504,209,2019-11-02 20:35:28,3.93,b
4505,260,2019-11-02 20:35:29,1.74,b
4506,209,2019-11-02 21:35:28,2.44,b
4507,117,2019-11-02 22:35:28,1.06,b
4508,128,2019-11-02 22:35:28,2.38,b
4509,225,2019-11-03 00:35:28,3.34,b
4510,177,2019-11-03 06:35:28,1.15,b
4511,177,2019-11-03 08:35:28,3.1,b
4512,138,2019-11-03 09:35:28,3.73,b
4513,167,2019-11-03 09:35:28,2.06,b
4514,209,2019-11-03 09:35:28,3.73,b
4515,171,2019-11-03 10:35:28,4.17,b
4516,176,2019-11-03 10:35:28,2.7,b
4517,121,2019-11-03 11:35:28,3.97,b
4518,170,2019-11-03 11:35:28,2.99,b
4519,117,2019-11-03 12:35:28,2.01,b
4520,136,2019-11-03 12:35:28,2.96,b
4521,241,2019-11-03 12:35:29,3.12,b
4522,100,2019-11-03 13:35:28,0.9,b
4523,116,2019-11-03 13:35:28,2.92,b
4524,152,2019-11-03 13:35:28,3.3,b
4525,196,2019-11-03 13:35:29,2.95,b
4526,198,2019-11-03 13:35:29,4.61,b
4527,167,2019-11-03 14:35:28,3.68,b
4528,177,2019-11-03 14:35:28,1.75,b
4529,183,2019-11-03 14:35:28,6.09,b
4530,264,2019-11-03 14:35:29,4.48,b
4531,116,2019-11-03 15:35:28,3.76,b
4532,136,2019-11-03 15:35:28,1.66,b
4533,241,2019-11-03 15:35:29,3.2,b
4534,146,2019-11-03 16:35:28,4.73,b
4535,158,2019-11-03 16:35:28,3.01,b
4536,165,2019-11-03 16:35:28,1.62,b
4537,172,2019-11-03 16:35:28,4.41,b
4538,177,2019-11-03 16:35:28,2.48,b
4539,204,2019-11-03 16:35:28,3.34,b
4540,111,2019-11-03 17:35:28,4.63,b
4541,136,2019-11-03 17:35:28,3.65,b
4542,162,2019-11-03 17:35:28,3.28,b
4543,170,2019-11-03 17:35:28,4.81,b
4544,172,2019-11-03 17:35:28,2.74,b
4545,260,2019-11-03 17:35:29,4.86,b
4546,246,2019-11-03 18:35:28,1.78,b
4547,159,2019-11-03 19:35:28,3.7,b
4548,169,2019-11-03 19:35:28,3.59,b
4549,177,2019-11-03 19:35:28,2.36,b
4550,183,2019-11-03 19:35:28,1.6,b
4551,246,2019-11-03 19:35:29,8.52,b
4552,139,2019-11-03 20:35:28,2.11,b
4553,208,2019-11-03 20:35:28,3.05,b
4554,209,2019-11-03 20:35:28,3.82,b
4555,264,2019-11-03 22:35:28,0.81,b
4556,171,2019-11-04 00:35:28,3.34,b
4557,243,2019-11-04 05:35:28,3.85,b
4558,180,2019-11-04 06:35:28,3.11,b
4559,114,2019-11-04 07:35:28,3.29,b
4560,116,2019-11-04 07:35:28,1.89,b
4561,169,2019-11-04 07:35:28,2.57,b
4562,270,2019-11-04 08:35:28,2.68,b
4563,136,2019-11-04 08:35:28,2.98,b
4564,138,2019-11-04 08:35:28,2.37,b
4565,139,2019-11-04 08:35:28,2.12,b
4566,169,2019-11-04 08:35:28,2.13,b
4567,177,2019-11-04 08:35:29,1.19,b
4568,209,2019-11-04 08:35:29,1.62,b
4569,264,2019-11-04 08:35:29,3.7,b
4570,100,2019-11-04 09:35:28,2.74,b
4571,116,2019-11-04 09:35:28,5.11,b
4572,117,2019-11-04 09:35:28,1.02,b
4573,167,2019-11-04 09:35:28,2.9,b
4574,195,2019-11-04 09:35:28,2.78,b
4575,226,2019-11-04 09:35:29,4.21,b
4576,267,2019-11-04 09:35:29,1.87,b
4577,116,2019-11-04 10:35:28,3.68,b
4578,155,2019-11-04 10:35:28,2.55,b
4579,163,2019-11-04 10:35:28,3.64,b
4580,192,2019-11-04 10:35:28,4.46,b
4581,128,2019-11-04 11:35:28,3.93,b
4582,149,2019-11-04 11:35:28,2.17,b
4583,158,2019-11-04 11:35:28,4.14,b
4584,167,2019-11-04 11:35:28,2.25,b
4585,176,2019-11-04 11:35:28,3.3,b
4586,192,2019-11-04 11:35:28,4.83,b
4587,114,2019-11-04 12:35:28,2.12,b
4588,147,2019-11-04 12:35:28,0.87,b
4589,243,2019-11-04 12:35:29,1.68,b
4590,163,2019-11-04 13:35:28,1.84,b
4591,196,2019-11-04 13:35:28,3.36,b
4592,264,2019-11-04 13:35:29,2.72,b
4593,267,2019-11-04 13:35:29,2.23,b
4594,121,2019-11-04 14:35:28,1.36,b
4595,128,2019-11-04 14:35:28,3.81,b
4596,171,2019-11-04 14:35:28,2.06,b
4597,194,2019-11-04 14:35:29,4.27,b
4598,206,2019-11-04 14:35:29,0.82,b
4599,227,2019-11-04 14:35:29,3.15,b
4600,180,2019-11-04 15:35:28,3.29,b
4601,189,2019-11-04 15:35:29,3.51,b
4602,195,2019-11-04 15:35:29,1.15,b
4603,204,2019-11-04 15:35:29,2.97,b
4604,227,2019-11-04 15:35:29,0.61,b
4605,117,2019-11-04 16:35:28,2.42,b
4606,121,2019-11-04 16:35:28,2.9,b
4607,183,2019-11-04 16:35:28,2.91,b
4608,189,2019-11-04 16:35:29,3.44,b
4609,194,2019-11-04 16:35:29,3.18,b
4610,209,2019-11-04 16:35:29,0.52,b
4611,111,2019-11-04 17:35:28,3.93,b
4612,114,2019-11-04 17:35:28,1.16,b
4613,116,2019-11-04 17:35:28,0.66,b
4614,147,2019-11-04 17:35:28,0.6,b
4615,152,2019-11-04 17:35:28,4.92,b
4616,155,2019-11-04 17:35:28,1.32,b
4617,176,2019-11-04 17:35:28,3.64,b
4618,192,2019-11-04 17:35:28,4.56,b
4619,198,2019-11-04 17:35:29,3.65,b
4620,209,2019-11-04 17:35:29,3.46,b
4621,117,2019-11-04 18:35:28,1.58,b
4622,176,2019-11-04 18:35:28,3.56,b
4623,183,2019-11-04 18:35:28,4.16,b
4624,206,2019-11-04 18:35:29,2.75,b
4625,208,2019-11-04 18:35:29,2.75,b
4626,264,2019-11-04 18:35:29,4.18,b
4627,136,2019-11-04 19:35:28,2.52,b
4628,194,2019-11-04 19:35:28,2.23,b
4629,206,2019-11-04 19:35:28,3.99,b
4630,111,2019-11-04 20:35:28,4.74,b
4631,246,2019-11-04 20:35:29,14.42,b
4632,155,2019-11-04 21:01:28,1.31,b
4633,117,2019-11-04 21:35:28,0.96,b
4634,121,2019-11-04 21:35:28,6.49,b
4635,169,2019-11-04 21:35:28,3.22,b
4663,207,2019-11-05 00:00:00,0,u
4687,140,2019-11-05 00:00:00,0,u
4688,141,2019-11-05 00:00:00,0,u
4689,150,2019-11-05 00:00:00,0,u
4690,153,2019-11-05 00:00:00,0,u
4691,154,2019-11-05 00:00:00,0,u
4711,213,2019-11-05 00:00:00,0,u
4636,121,2019-11-05 06:35:28,2.77,b
4637,128,2019-11-05 06:35:28,4.18,b
4638,111,2019-11-05 07:35:28,2.09,b
4639,114,2019-11-05 07:35:28,1.35,b
4640,121,2019-11-05 07:35:28,3.99,b
4641,184,2019-11-05 07:35:28,0.91,b
4642,114,2019-11-05 08:35:28,3.06,b
4643,117,2019-11-05 08:35:28,2.22,b
4644,128,2019-11-05 08:35:28,1.9,b
4645,152,2019-11-05 08:35:28,0.81,b
4646,176,2019-11-05 08:35:28,1.74,b
4647,196,2019-11-05 08:35:29,2.3,b
4648,111,2019-11-05 09:35:28,4.07,b
4649,117,2019-11-05 09:35:28,0.85,b
4650,136,2019-11-05 09:35:28,3.17,b
4651,149,2019-11-05 09:35:28,4.75,b
4652,163,2019-11-05 09:35:28,3.82,b
4653,167,2019-11-05 09:35:28,3.22,b
4654,177,2019-11-05 09:35:29,3.9,b
4655,225,2019-11-05 09:35:29,2.9,b
4656,243,2019-11-05 09:35:29,2.92,b
4657,128,2019-11-05 10:35:28,4.46,b
4658,146,2019-11-05 10:35:28,3.69,b
4659,163,2019-11-05 10:35:28,4.22,b
4660,167,2019-11-05 10:35:28,1.99,b
4661,169,2019-11-05 10:35:28,2.19,b
4662,194,2019-11-05 10:35:29,4.26,b
4664,100,2019-11-05 11:35:28,2.59,b
4665,118,2019-11-05 11:35:28,2.66,b
4666,121,2019-11-05 11:35:28,4.8,b
4667,128,2019-11-05 11:35:28,4.2,b
4668,176,2019-11-05 11:35:28,2.72,b
4669,246,2019-11-05 11:35:29,3.85,b
4670,264,2019-11-05 11:35:29,3.37,b
4671,270,2019-11-05 12:35:28,3.13,b
4672,114,2019-11-05 12:35:28,3.48,b
4673,118,2019-11-05 12:35:28,2.86,b
4674,121,2019-11-05 12:35:28,3.82,b
4675,128,2019-11-05 12:35:28,4.29,b
4676,149,2019-11-05 12:35:28,4.06,b
4677,183,2019-11-05 12:35:28,2.9,b
4678,211,2019-11-05 12:35:29,3.99,b
4679,227,2019-11-05 12:35:29,1.18,b
4680,236,2019-11-05 12:35:29,1.3,b
4681,118,2019-11-05 13:35:28,2.41,b
4682,128,2019-11-05 13:35:28,3.44,b
4683,152,2019-11-05 13:35:28,3.78,b
4684,159,2019-11-05 13:35:28,4.87,b
4685,246,2019-11-05 13:35:29,11.45,b
4686,260,2019-11-05 13:35:29,2.15,b
4692,128,2019-11-05 14:35:33,4.25,b
4693,167,2019-11-05 14:35:33,1.79,b
4694,177,2019-11-05 14:35:33,2.21,b
4695,194,2019-11-05 14:35:34,1.62,b
4696,246,2019-11-05 14:35:34,3.55,b
4697,111,2019-11-05 15:35:28,3.59,b
4698,114,2019-11-05 15:35:28,3.96,b
4699,155,2019-11-05 15:35:28,1.11,b
4700,167,2019-11-05 15:35:28,3.18,b
4701,177,2019-11-05 15:35:28,3.25,b
4702,189,2019-11-05 15:35:28,1.42,b
4703,194,2019-11-05 15:35:28,1.51,b
4704,111,2019-11-05 16:35:28,1.9,b
4705,117,2019-11-05 16:35:28,2.47,b
4706,147,2019-11-05 16:35:28,2.08,b
4707,194,2019-11-05 16:35:28,2.61,b
4708,211,2019-11-05 16:35:28,3.26,b
4709,243,2019-11-05 16:35:29,2.75,b
4710,260,2019-11-05 16:35:29,2.44,b
4712,100,2019-11-05 17:37:28,0.86,b
4713,111,2019-11-05 17:37:28,1.05,b
4714,138,2019-11-05 17:37:28,2.77,b
4715,236,2019-11-05 17:37:29,2.88,b
4716,167,2019-11-05 18:37:28,1.34,b
4717,169,2019-11-05 18:37:28,4.58,b
4718,176,2019-11-05 18:37:28,2.91,b
4719,201,2019-11-05 18:37:28,2.86,b
4720,211,2019-11-05 18:37:29,4.45,b
4721,100,2019-11-05 19:35:28,1.82,b
4722,163,2019-11-05 19:35:28,2.54,b
4723,167,2019-11-05 19:35:28,0.85,b
4724,206,2019-11-05 19:35:29,2.14,b
4725,264,2019-11-05 19:35:29,3.65,b
4726,267,2019-11-05 19:35:29,4.89,b
4727,100,2019-11-05 20:35:28,1.28,b
4728,163,2019-11-05 20:35:28,2.45,b
4729,167,2019-11-05 20:35:28,2.88,b
4730,189,2019-11-05 20:35:28,1.09,b
4731,196,2019-11-05 20:35:28,3.76,b
4732,246,2019-11-05 20:35:29,11.94,b
4733,210,2019-11-05 21:01:28,1.24,b
4734,208,2019-11-05 21:35:28,3.82,b
4735,195,2019-11-05 22:35:28,3.02,b
4736,117,2019-11-06 02:35:28,1.21,b
4737,121,2019-11-06 08:48:49,4.51,b
4738,136,2019-11-06 08:48:50,3.06,b
4739,165,2019-11-06 08:48:50,1.26,b
4740,169,2019-11-06 08:48:50,3.44,b
4741,171,2019-11-06 08:48:50,2.6,b
4742,183,2019-11-06 08:48:50,4.05,b
4743,184,2019-11-06 08:48:50,2.58,b
4744,211,2019-11-06 08:48:50,4.25,b
4745,227,2019-11-06 08:48:50,3.84,b
4746,260,2019-11-06 08:48:50,2.2,b
4747,117,2019-11-06 09:36:51,1.85,b
4748,152,2019-11-06 09:36:51,2.42,b
4749,170,2019-11-06 09:36:51,3.7,b
4750,172,2019-11-06 09:36:51,3.37,b
4751,147,2019-11-06 10:36:51,2.47,b
4752,183,2019-11-06 10:36:51,4.48,b
4753,189,2019-11-06 10:36:51,3.78,b
4754,206,2019-11-06 10:36:51,2.42,b
4755,225,2019-11-06 10:36:51,2.84,b
4756,100,2019-11-06 11:36:51,2.24,b
4757,232,2019-11-06 11:36:51,3.77,b
4758,139,2019-11-06 12:36:51,1.74,b
4759,211,2019-11-06 12:36:51,3.54,b
4760,232,2019-11-06 12:36:51,4.75,b
4761,236,2019-11-06 12:36:51,3.65,b
4762,118,2019-11-06 13:36:51,3.27,b
4763,128,2019-11-06 13:36:51,4.34,b
4764,138,2019-11-06 13:36:51,2.46,b
4765,165,2019-11-06 13:36:51,2.34,b
4766,171,2019-11-06 13:36:51,2.18,b
4767,184,2019-11-06 13:36:51,3.02,b
4768,246,2019-11-06 13:36:51,11.83,b
4769,112,2019-11-06 14:36:51,2.65,b
4770,116,2019-11-06 14:36:51,2.63,b
4771,170,2019-11-06 14:36:51,5.12,b
4772,177,2019-11-06 14:36:51,1.87,b
4773,189,2019-11-06 14:36:51,4.02,b
4774,201,2019-11-06 14:36:51,2.82,b
4775,243,2019-11-06 14:36:51,2.74,b
4776,244,2019-11-06 14:36:51,3.76,b
4777,260,2019-11-06 14:36:51,3.22,b
4778,159,2019-11-06 15:36:51,2.9,b
4779,176,2019-11-06 15:36:51,1.09,b
4780,194,2019-11-06 15:36:51,1.93,b
4781,211,2019-11-06 15:36:51,3.47,b
4782,117,2019-11-06 16:36:51,1.94,b
4783,128,2019-11-06 16:36:51,4.61,b
4784,169,2019-11-06 16:36:51,4.23,b
4785,171,2019-11-06 16:36:51,2.78,b
4786,176,2019-11-06 16:36:51,1.72,b
4787,246,2019-11-06 16:36:51,1.54,b
4788,267,2019-11-06 16:36:52,1.26,b
4789,147,2019-11-06 17:36:51,1.99,b
4790,171,2019-11-06 17:36:51,3.96,b
4791,187,2019-11-06 17:36:51,3.21,b
4792,206,2019-11-06 17:36:51,3.04,b
4793,209,2019-11-06 17:36:51,3.36,b
4794,211,2019-11-06 17:36:51,5.53,b
4795,241,2019-11-06 17:36:52,2.55,b
4796,261,2019-11-06 17:36:52,3.8,b
4797,128,2019-11-06 18:36:51,3.1,b
4798,159,2019-11-06 18:36:51,3.58,b
4799,189,2019-11-06 18:36:51,2.89,b
4800,206,2019-11-06 18:36:51,1.41,b
4801,260,2019-11-06 18:36:51,3.65,b
4802,177,2019-11-06 19:36:51,3.74,b
4803,159,2019-11-06 20:36:51,3.73,b
4804,209,2019-11-06 20:36:51,3.76,b
4805,211,2019-11-06 20:36:51,3.32,b
4806,116,2019-11-06 21:36:51,1,b
4807,121,2019-11-06 21:36:51,2.09,b
4808,209,2019-11-06 21:36:51,2.73,b
4809,264,2019-11-06 21:36:51,1.95,b
4810,244,2019-11-06 22:36:51,3.79,b
4811,100,2019-11-06 23:36:51,1.36,b
4812,117,2019-11-06 23:36:51,1.23,b
4813,211,2019-11-06 23:36:51,4.56,b
4814,246,2019-11-06 23:36:51,14.03,b
4815,117,2019-11-07 05:36:51,0.94,b
4816,147,2019-11-07 06:36:51,2.03,b
4817,165,2019-11-07 07:36:51,1.93,b
4818,167,2019-11-07 07:36:51,2,b
4819,176,2019-11-07 07:36:51,2.4,b
4820,180,2019-11-07 07:36:51,3.61,b
4821,201,2019-11-07 07:36:51,3.02,b
4822,236,2019-11-07 07:36:51,1.01,b
4823,116,2019-11-07 08:36:51,2.08,b
4824,121,2019-11-07 08:36:51,3.28,b
4825,165,2019-11-07 08:36:51,3.72,b
4826,176,2019-11-07 08:36:51,3.7,b
4827,241,2019-11-07 08:36:52,2.65,b
4828,171,2019-11-07 09:36:51,2.07,b
4829,192,2019-11-07 09:36:51,2.99,b
4830,211,2019-11-07 09:36:51,2.92,b
4831,217,2019-11-07 09:36:51,3.37,b
4832,232,2019-11-07 09:36:51,5.9,b
4833,267,2019-11-07 09:36:51,2.29,b
4834,128,2019-11-07 10:36:51,3.75,b
4835,152,2019-11-07 10:36:51,2.97,b
4836,260,2019-11-07 10:36:51,2.44,b
4837,183,2019-11-07 11:36:51,1.73,b
4838,194,2019-11-07 11:36:51,2.53,b
4839,195,2019-11-07 11:36:51,4.8,b
4840,236,2019-11-07 11:36:51,4.66,b
4841,100,2019-11-07 12:36:51,2.63,b
4842,121,2019-11-07 12:36:51,2.71,b
4843,152,2019-11-07 12:36:51,4.86,b
4844,155,2019-11-07 12:36:51,0.57,b
4845,183,2019-11-07 12:36:51,4.17,b
4846,194,2019-11-07 12:36:51,1.76,b
4847,211,2019-11-07 12:36:51,2.41,b
4848,250,2019-11-07 12:36:52,2.45,b
4849,128,2019-11-07 13:36:51,2.14,b
4850,138,2019-11-07 13:36:51,2.67,b
4851,147,2019-11-07 13:36:51,1.96,b
4852,176,2019-11-07 13:36:51,2.27,b
4853,184,2019-11-07 13:36:51,2.3,b
4854,195,2019-11-07 13:36:51,2.45,b
4855,217,2019-11-07 13:36:51,0.8,b
4856,246,2019-11-07 13:36:52,10.45,b
4857,118,2019-11-07 14:36:51,2.68,b
4858,128,2019-11-07 14:36:51,4.26,b
4859,152,2019-11-07 14:36:51,3.57,b
4860,167,2019-11-07 14:36:51,2.56,b
4861,169,2019-11-07 14:36:51,3.91,b
4862,209,2019-11-07 14:36:51,2.87,b
4863,246,2019-11-07 14:36:51,5.46,b
4864,261,2019-11-07 14:36:51,3.83,b
4865,264,2019-11-07 14:36:52,1.28,b
4866,136,2019-11-07 15:36:51,2.72,b
4867,167,2019-11-07 15:36:51,1.73,b
4868,216,2019-11-07 15:36:51,3.16,b
4869,128,2019-11-07 16:36:51,4.21,b
4870,139,2019-11-07 16:36:51,2.17,b
4871,163,2019-11-07 16:36:51,3.26,b
4872,167,2019-11-07 16:36:51,3.49,b
4873,183,2019-11-07 16:36:51,2.91,b
4874,241,2019-11-07 16:36:51,3.47,b
4875,250,2019-11-07 16:36:51,2.34,b
4876,147,2019-11-07 17:36:51,2.66,b
4877,170,2019-11-07 17:36:51,2.83,b
4878,292,2019-11-07 17:36:51,4.75,b
4879,196,2019-11-07 17:36:51,3.11,b
4880,201,2019-11-07 17:36:51,2.83,b
4881,209,2019-11-07 17:36:51,4.35,b
4882,232,2019-11-07 17:36:51,2.19,b
4883,260,2019-11-07 17:36:51,1.94,b
4884,170,2019-11-07 18:36:51,5.28,b
4885,176,2019-11-07 18:36:51,2.68,b
4886,177,2019-11-07 18:36:51,1.98,b
4887,209,2019-11-07 18:36:51,3.86,b
4888,246,2019-11-07 18:36:51,2.6,b
4889,116,2019-11-07 19:36:51,2.72,b
4890,165,2019-11-07 19:36:51,3.88,b
4891,171,2019-11-07 19:36:51,1.97,b
4892,209,2019-11-07 19:36:51,3.36,b
4893,236,2019-11-07 19:36:51,4.37,b
4894,264,2019-11-07 19:36:51,3.65,b
4895,165,2019-11-07 20:36:51,3.92,b
4896,211,2019-11-07 20:36:51,2.8,b
4897,246,2019-11-07 20:36:51,13.09,b
4898,118,2019-11-07 21:36:51,3.45,b
4899,184,2019-11-07 21:36:51,2.93,b
4900,184,2019-11-07 23:36:51,3.32,b
4901,117,2019-11-08 03:36:51,1.14,b
4902,243,2019-11-08 06:36:51,4.39,b
4903,194,2019-11-08 07:36:51,4.92,b
4904,236,2019-11-08 07:36:51,3.47,b
4905,117,2019-11-08 08:36:51,2.3,b
4906,169,2019-11-08 08:36:51,2.14,b
4907,170,2019-11-08 08:36:51,1.17,b
4908,209,2019-11-08 08:36:51,2.74,b
4909,172,2019-11-08 09:36:51,2.37,b
4910,176,2019-11-08 09:36:51,2.48,b
4911,209,2019-11-08 09:36:51,1.62,b
4912,136,2019-11-08 10:36:51,4.78,b
4913,147,2019-11-08 10:36:51,3.51,b
4914,165,2019-11-08 10:36:51,3.32,b
4915,176,2019-11-08 10:36:51,3.51,b
4916,236,2019-11-08 10:36:51,4.1,b
4917,246,2019-11-08 10:36:51,14.44,b
4918,118,2019-11-08 11:36:51,0.75,b
4919,139,2019-11-08 11:36:51,1.6,b
4920,167,2019-11-08 11:36:51,2.91,b
4921,171,2019-11-08 11:36:51,4.03,b
4922,176,2019-11-08 11:36:51,2.8,b
4923,194,2019-11-08 11:36:51,1.9,b
4924,243,2019-11-08 11:36:51,3.59,b
4925,116,2019-11-08 12:36:51,1.09,b
4926,119,2019-11-08 12:36:51,1.69,b
4927,167,2019-11-08 12:36:51,1.04,b
4928,189,2019-11-08 12:36:51,2.62,b
4929,205,2019-11-08 13:36:51,5.1,b
4930,209,2019-11-08 13:36:51,4.04,b
4931,211,2019-11-08 13:36:51,2.82,b
4932,225,2019-11-08 13:36:51,1.95,b
4933,243,2019-11-08 13:36:51,2.53,b
4934,246,2019-11-08 13:36:51,11.54,b
4935,128,2019-11-08 14:36:51,4.31,b
4936,165,2019-11-08 14:36:51,3.17,b
4937,208,2019-11-08 14:36:51,2.62,b
4938,211,2019-11-08 14:36:51,3.63,b
4939,230,2019-11-08 14:36:51,1.15,b
4940,236,2019-11-08 14:36:51,2.92,b
4941,260,2019-11-08 14:36:52,2.36,b
4942,209,2019-11-08 15:36:51,2.53,b
4943,227,2019-11-08 15:36:51,3.15,b
4944,244,2019-11-08 15:36:51,2.18,b
4945,260,2019-11-08 15:36:51,2.35,b
4946,100,2019-11-08 16:36:51,1.63,b
4947,117,2019-11-08 16:36:51,2.65,b
4948,118,2019-11-08 16:36:51,3.3,b
4949,147,2019-11-08 16:36:51,1.84,b
4950,165,2019-11-08 16:36:51,2.75,b
4951,169,2019-11-08 16:36:51,2.86,b
4952,232,2019-11-08 16:36:51,3.66,b
4953,264,2019-11-08 16:36:52,3.13,b
